== [hab] repo=/data/projects/clean_projects/hab  entry=train/train_hab_v2.py
Namespace(batch_size=128, c=0.1, cr=1.2, dataset_name='cub', deterministic=True, epochs=200, eval_funcs=['v2', 'v2b'], eval_model_path=None, eval_only=False, exp_name='DIAG_PART_SIGNAL_E50R', exp_root='/data/projects/clean_projects/hab/dev_outputs', fp16=False, gamma=0.1, grad_from_block=11, hyper_end_epoch=200, hyper_max_weight=1.0, hyper_start_epoch=0, hyper_temp_scale=0.4, lr=0.1, memax_weight=1.0, model_name='v2', momentum=0.9, n_views=2, num_workers=8, part_temp=0.028000000000000004, part_unsup_scale=1.0, print_freq=10, prop_train_labels=0.5, riemannian=False, seed=0, strict_deterministic=False, sup_weight=0.35, teacher_temp=0.04, transform='imagenet', use_ssb_splits=True, warmup_model_dir=None, warmup_teacher_temp=0.07, warmup_teacher_temp_epochs=30, weight_decay=5e-05)
[determinism] use_deterministic_algorithms(True, warn_only=True) | CUBLAS_WORKSPACE_CONFIG=:4096:8
Experiment saved to: /data/projects/clean_projects/hab/dev_outputs/HypSimGCD_cub/log/DIAG_PART_SIGNAL_E50R_(10.08.2026_|_40.913)
['HypSimGCD_cub']
Namespace(batch_size=128, c=0.1, cr=1.2, dataset_name='cub', deterministic=True, epochs=200, eval_funcs=['v2', 'v2b'], eval_model_path=None, eval_only=False, exp_name='DIAG_PART_SIGNAL_E50R', exp_root='/data/projects/clean_projects/hab/dev_outputs', fp16=False, gamma=0.1, grad_from_block=11, hyper_end_epoch=200, hyper_max_weight=1.0, hyper_start_epoch=0, hyper_temp_scale=0.4, image_size=224, log_dir='/data/projects/clean_projects/hab/dev_outputs/HypSimGCD_cub/log/DIAG_PART_SIGNAL_E50R_(10.08.2026_|_40.913)', logger=<loguru.logger handlers=[(id=0, level=10, sink=<stderr>), (id=1, level=10, sink='/data/projects/clean_projects/hab/dev_outputs/HypSimGCD_cub/log/DIAG_PART_SIGNAL_E50R_(10.08.2026_|_40.913)/log.txt')]>, lr=0.1, memax_weight=1.0, model_dir='/data/projects/clean_projects/hab/dev_outputs/HypSimGCD_cub/log/DIAG_PART_SIGNAL_E50R_(10.08.2026_|_40.913)/checkpoints', model_name='v2', model_path='/data/projects/clean_projects/hab/dev_outputs/HypSimGCD_cub/log/DIAG_PART_SIGNAL_E50R_(10.08.2026_|_40.913)/checkpoints/model.pt', momentum=0.9, n_views=2, num_labeled_classes=100, num_unlabeled_classes=100, num_workers=8, part_temp=0.028000000000000004, part_unsup_scale=1.0, print_freq=10, prop_train_labels=0.5, riemannian=False, seed=0, strict_deterministic=False, sup_weight=0.35, teacher_temp=0.04, train_classes=[150, 70, 34, 178, 199, 131, 129, 147, 134, 11, 26, 93, 95, 121, 123, 99, 149, 167, 18, 31, 69, 198, 116, 158, 126, 17, 5, 179, 111, 163, 184, 81, 174, 42, 53, 89, 77, 55, 23, 48, 43, 44, 56, 28, 193, 143, 0, 176, 84, 15, 38, 154, 141, 190, 172, 124, 189, 19, 80, 157, 12, 9, 79, 30, 94, 67, 197, 97, 168, 137, 119, 76, 98, 88, 40, 106, 171, 87, 166, 186, 27, 51, 144, 135, 161, 64, 177, 7, 146, 61, 50, 162, 133, 82, 39, 74, 72, 91, 196, 136], transform='imagenet', unlabeled_classes=[29, 110, 3, 8, 13, 58, 142, 25, 145, 63, 59, 65, 24, 140, 120, 32, 114, 107, 160, 130, 118, 101, 115, 128, 117, 71, 156, 112, 36, 122, 104, 102, 90, 125, 152, 195, 132, 83, 22, 192, 153, 175, 191, 155, 49, 194, 73, 66, 170, 151, 169, 96, 103, 37, 181, 127, 78, 21, 10, 164, 62, 2, 183, 85, 45, 60, 92, 185, 20, 159, 173, 148, 1, 57, 113, 165, 52, 109, 14, 4, 180, 6, 182, 68, 33, 108, 46, 35, 75, 188, 187, 100, 47, 105, 41, 86, 16, 54, 139, 138], use_ssb_splits=True, warmup_model_dir=None, warmup_teacher_temp=0.07, warmup_teacher_temp_epochs=30, weight_decay=5e-05)
2026-08-10 00:21:42.399 | INFO     | __main__:<module>:525 - model build
Files already downloaded and verified
== Setup complete: num_labeled=100 num_unlabeled=100 seed=0 epochs=200 warmup=30
== Hook target: HypLinear (output mode: tensor)
2026-08-10 00:21:54.294 | INFO     | __main__:train:332 - Epoch: [0][0/46]	 loss 8.36672	 cls_loss: 5.3745 cluster_loss: 5.2280 distance sup_con_loss: 4.2011 distance contrastive_loss: 3.1587 angle sup_con_loss: 2.2479 angle contrastive_loss: 3.5361 patch_sup_con_loss: 0.0000 
2026-08-10 00:22:12.452 | INFO     | __main__:train:332 - Epoch: [0][10/46]	 loss 5.71937	 cls_loss: 1.7989 cluster_loss: 2.6893 distance sup_con_loss: 4.3859 distance contrastive_loss: 3.4665 angle sup_con_loss: 2.1349 angle contrastive_loss: 3.9880 patch_sup_con_loss: 0.0000 
2026-08-10 00:22:30.754 | INFO     | __main__:train:332 - Epoch: [0][20/46]	 loss 4.64875	 cls_loss: 0.8297 cluster_loss: 2.0591 distance sup_con_loss: 3.6828 distance contrastive_loss: 3.2516 angle sup_con_loss: 1.6626 angle contrastive_loss: 3.7479 patch_sup_con_loss: 0.0000 
2026-08-10 00:22:49.118 | INFO     | __main__:train:332 - Epoch: [0][30/46]	 loss 4.53934	 cls_loss: 0.9561 cluster_loss: 2.0034 distance sup_con_loss: 2.9144 distance contrastive_loss: 3.2195 angle sup_con_loss: 1.4931 angle contrastive_loss: 3.6598 patch_sup_con_loss: 0.0000 
2026-08-10 00:23:07.495 | INFO     | __main__:train:332 - Epoch: [0][40/46]	 loss 4.04357	 cls_loss: 0.4830 cluster_loss: 1.7824 distance sup_con_loss: 2.4249 distance contrastive_loss: 3.1328 angle sup_con_loss: 1.1236 angle contrastive_loss: 3.5720 patch_sup_con_loss: 0.0000 
[E000] pre  n=2944  conf 0.375(0.07/0.77) H=2.89 effK=  18.0 acc_H 0.305/0.406/0.255 dir_old 0.632
        pair inst=19539  pairs=587887    pos= 2.65% prec 0.132 base 0.0058 lift   22.9 rec 0.608 pconf 0.298/0.227
        gate thr=0.80 pass=  9.0% prec 0.426 pos= 4.20% | logit |z|max 0.64 std 0.14 L2 2.03 range 1.00
2026-08-10 00:23:16.614 | INFO     | __main__:train:334 - Train Epoch: 0 Avg Loss: 5.1345 
2026-08-10 00:23:20.815 | INFO     | __main__:train:332 - Epoch: [1][0/46]	 loss 3.85480	 cls_loss: 0.6489 cluster_loss: 1.6466 distance sup_con_loss: 1.5251 distance contrastive_loss: 3.0781 angle sup_con_loss: 0.7552 angle contrastive_loss: 3.5282 patch_sup_con_loss: 0.0000 
2026-08-10 00:23:39.149 | INFO     | __main__:train:332 - Epoch: [1][10/46]	 loss 3.89916	 cls_loss: 0.5706 cluster_loss: 1.5671 distance sup_con_loss: 2.6749 distance contrastive_loss: 3.0025 angle sup_con_loss: 1.1746 angle contrastive_loss: 3.4886 patch_sup_con_loss: 0.0000 
2026-08-10 00:23:57.510 | INFO     | __main__:train:332 - Epoch: [1][20/46]	 loss 3.95915	 cls_loss: 0.5574 cluster_loss: 1.6135 distance sup_con_loss: 3.1181 distance contrastive_loss: 2.9949 angle sup_con_loss: 1.3293 angle contrastive_loss: 3.4565 patch_sup_con_loss: 0.0000 
2026-08-10 00:24:15.865 | INFO     | __main__:train:332 - Epoch: [1][30/46]	 loss 3.72043	 cls_loss: 0.4168 cluster_loss: 1.5929 distance sup_con_loss: 1.9421 distance contrastive_loss: 2.9675 angle sup_con_loss: 0.8094 angle contrastive_loss: 3.4695 patch_sup_con_loss: 0.0000 
2026-08-10 00:24:34.219 | INFO     | __main__:train:332 - Epoch: [1][40/46]	 loss 3.74173	 cls_loss: 0.4113 cluster_loss: 1.5670 distance sup_con_loss: 2.6187 distance contrastive_loss: 2.9114 angle sup_con_loss: 1.0232 angle contrastive_loss: 3.4135 patch_sup_con_loss: 0.0000 
[E001] pre  n=3018  conf 0.510(0.15/0.91) H=2.19 effK=   8.9 acc_H 0.394/0.470/0.353 dir_old 0.836
        pair inst=20054  pairs=619748    pos= 1.58% prec 0.230 base 0.0058 lift   39.3 rec 0.623 pconf 0.487/0.373
        gate thr=0.80 pass= 19.6% prec 0.560 pos= 2.73% | logit |z|max 0.80 std 0.18 L2 2.55 range 1.30
2026-08-10 00:24:43.312 | INFO     | __main__:train:334 - Train Epoch: 1 Avg Loss: 3.9228 
2026-08-10 00:24:43.312 | INFO     | __main__:train:340 - Testing on unlabelled examples in the training data...
2026-08-10 00:25:05.094 | INFO     | util.cluster_and_log_utils:log_accs_from_preds:226 - EVAL FUNCTION: <function split_cluster_acc_v2 at 0x7f4caaf4f670>, Epoch 1, Train ACC Unlabelled_v2: All 0.4204 | Old 0.4316 | New 0.4147
2026-08-10 00:25:05.101 | INFO     | util.cluster_and_log_utils:log_accs_from_preds:226 - EVAL FUNCTION: <function split_cluster_acc_v2_balanced at 0x7f4caaf4f700>, Epoch 1, Train ACC Unlabelled_v2b: All 0.4246 | Old 0.4347 | New 0.4146
2026-08-10 00:25:05.118 | INFO     | __main__:train:342 - Testing on disjoint test set...
2026-08-10 00:25:32.544 | INFO     | util.cluster_and_log_utils:log_accs_from_preds:226 - EVAL FUNCTION: <function split_cluster_acc_v2 at 0x7f4caaf4f670>, Epoch 1, Test ACC_v2: All 0.4572 | Old 0.7521 | New 0.1649
2026-08-10 00:25:32.552 | INFO     | util.cluster_and_log_utils:log_accs_from_preds:226 - EVAL FUNCTION: <function split_cluster_acc_v2_balanced at 0x7f4caaf4f700>, Epoch 1, Test ACC_v2b: All 0.4529 | Old 0.7430 | New 0.1629
2026-08-10 00:25:32.571 | INFO     | __main__:train:345 - Train Accuracies: All 0.4204 | Old 0.4316 | New 0.4147
2026-08-10 00:25:32.571 | INFO     | __main__:train:346 - Test Accuracies: All 0.4572 | Old 0.7521 | New 0.1649
2026-08-10 00:25:32.573 | INFO     | __main__:train:350 - model saved to /data/projects/clean_projects/hab/dev_outputs/HypSimGCD_cub/log/DIAG_PART_SIGNAL_E50R_(10.08.2026_|_40.913)/checkpoints/model.pt.
2026-08-10 00:25:32.573 | INFO     | __main__:train:357 - Exp Name: DIAG_PART_SIGNAL_E50R
2026-08-10 00:25:32.573 | INFO     | __main__:train:358 - Metrics with best model on test set: All: 0.4204 Old: 0.4316 New: 0.4147
2026-08-10 00:25:32.574 | INFO     | __main__:train:362 - model saved to /data/projects/clean_projects/hab/dev_outputs/HypSimGCD_cub/log/DIAG_PART_SIGNAL_E50R_(10.08.2026_|_40.913)/checkpoints/model_best.pt.
2026-08-10 00:25:32.575 | INFO     | __main__:train:372 - Exp Name: DIAG_PART_SIGNAL_E50R
2026-08-10 00:25:32.575 | INFO     | __main__:train:373 - Metrics with best (train all-acc) model: All: 0.4204 Old: 0.4316 New: 0.4147
2026-08-10 00:25:32.576 | INFO     | __main__:train:377 - model saved to /data/projects/clean_projects/hab/dev_outputs/HypSimGCD_cub/log/DIAG_PART_SIGNAL_E50R_(10.08.2026_|_40.913)/checkpoints/model_best_acc_all.pt.
2026-08-10 00:25:36.767 | INFO     | __main__:train:332 - Epoch: [2][0/46]	 loss 3.85030	 cls_loss: 0.3688 cluster_loss: 1.5421 distance sup_con_loss: 3.1648 distance contrastive_loss: 2.9358 angle sup_con_loss: 1.3952 angle contrastive_loss: 3.4247 patch_sup_con_loss: 0.0000 
2026-08-10 00:25:55.079 | INFO     | __main__:train:332 - Epoch: [2][10/46]	 loss 3.66926	 cls_loss: 0.3371 cluster_loss: 1.3783 distance sup_con_loss: 2.7564 distance contrastive_loss: 2.9455 angle sup_con_loss: 1.2515 angle contrastive_loss: 3.4061 patch_sup_con_loss: 0.0000 
2026-08-10 00:26:13.429 | INFO     | __main__:train:332 - Epoch: [2][20/46]	 loss 3.44666	 cls_loss: 0.1477 cluster_loss: 1.2855 distance sup_con_loss: 2.6283 distance contrastive_loss: 2.9187 angle sup_con_loss: 0.9957 angle contrastive_loss: 3.3953 patch_sup_con_loss: 0.0000 
2026-08-10 00:26:31.795 | INFO     | __main__:train:332 - Epoch: [2][30/46]	 loss 3.43912	 cls_loss: 0.2167 cluster_loss: 1.3530 distance sup_con_loss: 1.8197 distance contrastive_loss: 2.8967 angle sup_con_loss: 0.8078 angle contrastive_loss: 3.3855 patch_sup_con_loss: 0.0000 
2026-08-10 00:26:50.167 | INFO     | __main__:train:332 - Epoch: [2][40/46]	 loss 3.57243	 cls_loss: 0.2506 cluster_loss: 1.3275 distance sup_con_loss: 2.6899 distance contrastive_loss: 2.9301 angle sup_con_loss: 1.1650 angle contrastive_loss: 3.4010 patch_sup_con_loss: 0.0000 
[E002] pre  n=2989  conf 0.539(0.16/0.94) H=1.88 effK=   6.5 acc_H 0.455/0.552/0.405 dir_old 0.863
        pair inst=19833  pairs=607107    pos= 1.16% prec 0.298 base 0.0057 lift   52.3 rec 0.608 pconf 0.510/0.409
        gate thr=0.79 pass= 24.9% prec 0.628 pos= 1.27% | logit |z|max 0.88 std 0.19 L2 2.68 range 1.36
2026-08-10 00:26:59.281 | INFO     | __main__:train:334 - Train Epoch: 2 Avg Loss: 3.6492 
2026-08-10 00:26:59.282 | INFO     | __main__:train:340 - Testing on unlabelled examples in the training data...
2026-08-10 00:27:21.087 | INFO     | util.cluster_and_log_utils:log_accs_from_preds:226 - EVAL FUNCTION: <function split_cluster_acc_v2 at 0x7f4caaf4f670>, Epoch 2, Train ACC Unlabelled_v2: All 0.5113 | Old 0.5577 | New 0.4882
2026-08-10 00:27:21.094 | INFO     | util.cluster_and_log_utils:log_accs_from_preds:226 - EVAL FUNCTION: <function split_cluster_acc_v2_balanced at 0x7f4caaf4f700>, Epoch 2, Train ACC Unlabelled_v2b: All 0.5247 | Old 0.5612 | New 0.4882
2026-08-10 00:27:21.111 | INFO     | __main__:train:342 - Testing on disjoint test set...
2026-08-10 00:27:48.538 | INFO     | util.cluster_and_log_utils:log_accs_from_preds:226 - EVAL FUNCTION: <function split_cluster_acc_v2 at 0x7f4caaf4f670>, Epoch 2, Test ACC_v2: All 0.5452 | Old 0.8141 | New 0.2787
2026-08-10 00:27:48.546 | INFO     | util.cluster_and_log_utils:log_accs_from_preds:226 - EVAL FUNCTION: <function split_cluster_acc_v2_balanced at 0x7f4caaf4f700>, Epoch 2, Test ACC_v2b: All 0.5458 | Old 0.8143 | New 0.2772
2026-08-10 00:27:48.565 | INFO     | __main__:train:345 - Train Accuracies: All 0.5113 | Old 0.5577 | New 0.4882
2026-08-10 00:27:48.565 | INFO     | __main__:train:346 - Test Accuracies: All 0.5452 | Old 0.8141 | New 0.2787
2026-08-10 00:27:48.567 | INFO     | __main__:train:350 - model saved to /data/projects/clean_projects/hab/dev_outputs/HypSimGCD_cub/log/DIAG_PART_SIGNAL_E50R_(10.08.2026_|_40.913)/checkpoints/model.pt.
2026-08-10 00:27:48.567 | INFO     | __main__:train:357 - Exp Name: DIAG_PART_SIGNAL_E50R
2026-08-10 00:27:48.567 | INFO     | __main__:train:358 - Metrics with best model on test set: All: 0.5113 Old: 0.5577 New: 0.4882
2026-08-10 00:27:48.568 | INFO     | __main__:train:362 - model saved to /data/projects/clean_projects/hab/dev_outputs/HypSimGCD_cub/log/DIAG_PART_SIGNAL_E50R_(10.08.2026_|_40.913)/checkpoints/model_best.pt.
2026-08-10 00:27:48.569 | INFO     | __main__:train:372 - Exp Name: DIAG_PART_SIGNAL_E50R
2026-08-10 00:27:48.569 | INFO     | __main__:train:373 - Metrics with best (train all-acc) model: All: 0.5113 Old: 0.5577 New: 0.4882
2026-08-10 00:27:48.570 | INFO     | __main__:train:377 - model saved to /data/projects/clean_projects/hab/dev_outputs/HypSimGCD_cub/log/DIAG_PART_SIGNAL_E50R_(10.08.2026_|_40.913)/checkpoints/model_best_acc_all.pt.
2026-08-10 00:27:52.828 | INFO     | __main__:train:332 - Epoch: [3][0/46]	 loss 3.58845	 cls_loss: 0.2908 cluster_loss: 1.3038 distance sup_con_loss: 2.9200 distance contrastive_loss: 2.8718 angle sup_con_loss: 1.2389 angle contrastive_loss: 3.3853 patch_sup_con_loss: 0.0000 
2026-08-10 00:28:11.126 | INFO     | __main__:train:332 - Epoch: [3][10/46]	 loss 3.38996	 cls_loss: 0.2000 cluster_loss: 1.3658 distance sup_con_loss: 1.6160 distance contrastive_loss: 2.8563 angle sup_con_loss: 0.6784 angle contrastive_loss: 3.3769 patch_sup_con_loss: 0.0000 
2026-08-10 00:28:29.443 | INFO     | __main__:train:332 - Epoch: [3][20/46]	 loss 3.54131	 cls_loss: 0.2754 cluster_loss: 1.3624 distance sup_con_loss: 2.4887 distance contrastive_loss: 2.9013 angle sup_con_loss: 1.0172 angle contrastive_loss: 3.3836 patch_sup_con_loss: 0.0000 
2026-08-10 00:28:47.758 | INFO     | __main__:train:332 - Epoch: [3][30/46]	 loss 3.38712	 cls_loss: 0.1984 cluster_loss: 1.3333 distance sup_con_loss: 1.7944 distance contrastive_loss: 2.8867 angle sup_con_loss: 0.7300 angle contrastive_loss: 3.3761 patch_sup_con_loss: 0.0000 
2026-08-10 00:29:06.064 | INFO     | __main__:train:332 - Epoch: [3][40/46]	 loss 3.36881	 cls_loss: 0.1685 cluster_loss: 1.1884 distance sup_con_loss: 2.5443 distance contrastive_loss: 2.8175 angle sup_con_loss: 1.0109 angle contrastive_loss: 3.3536 patch_sup_con_loss: 0.0000 
[E003] pre  n=2944  conf 0.568(0.21/0.95) H=1.62 effK=   5.0 acc_H 0.489/0.719/0.365 dir_old 0.874
        pair inst=19569  pairs=590516    pos= 1.02% prec 0.340 base 0.0055 lift   61.3 rec 0.624 pconf 0.563/0.466
        gate thr=0.78 pass= 28.5% prec 0.606 pos= 1.76% | logit |z|max 0.94 std 0.19 L2 2.70 range 1.41
2026-08-10 00:29:15.135 | INFO     | __main__:train:334 - Train Epoch: 3 Avg Loss: 3.4643 
2026-08-10 00:29:15.136 | INFO     | __main__:train:340 - Testing on unlabelled examples in the training data...
2026-08-10 00:29:36.879 | INFO     | util.cluster_and_log_utils:log_accs_from_preds:226 - EVAL FUNCTION: <function split_cluster_acc_v2 at 0x7f4caaf4f670>, Epoch 3, Train ACC Unlabelled_v2: All 0.5307 | Old 0.5650 | New 0.5135
2026-08-10 00:29:36.886 | INFO     | util.cluster_and_log_utils:log_accs_from_preds:226 - EVAL FUNCTION: <function split_cluster_acc_v2_balanced at 0x7f4caaf4f700>, Epoch 3, Train ACC Unlabelled_v2b: All 0.5437 | Old 0.5743 | New 0.5130
2026-08-10 00:29:36.903 | INFO     | __main__:train:342 - Testing on disjoint test set...
2026-08-10 00:30:04.279 | INFO     | util.cluster_and_log_utils:log_accs_from_preds:226 - EVAL FUNCTION: <function split_cluster_acc_v2 at 0x7f4caaf4f670>, Epoch 3, Test ACC_v2: All 0.5759 | Old 0.8072 | New 0.3467
2026-08-10 00:30:04.286 | INFO     | util.cluster_and_log_utils:log_accs_from_preds:226 - EVAL FUNCTION: <function split_cluster_acc_v2_balanced at 0x7f4caaf4f700>, Epoch 3, Test ACC_v2b: All 0.5711 | Old 0.7983 | New 0.3439
2026-08-10 00:30:04.305 | INFO     | __main__:train:345 - Train Accuracies: All 0.5307 | Old 0.5650 | New 0.5135
2026-08-10 00:30:04.305 | INFO     | __main__:train:346 - Test Accuracies: All 0.5759 | Old 0.8072 | New 0.3467
2026-08-10 00:30:04.307 | INFO     | __main__:train:350 - model saved to /data/projects/clean_projects/hab/dev_outputs/HypSimGCD_cub/log/DIAG_PART_SIGNAL_E50R_(10.08.2026_|_40.913)/checkpoints/model.pt.
2026-08-10 00:30:04.307 | INFO     | __main__:train:372 - Exp Name: DIAG_PART_SIGNAL_E50R
2026-08-10 00:30:04.307 | INFO     | __main__:train:373 - Metrics with best (train all-acc) model: All: 0.5307 Old: 0.5650 New: 0.5135
2026-08-10 00:30:04.308 | INFO     | __main__:train:377 - model saved to /data/projects/clean_projects/hab/dev_outputs/HypSimGCD_cub/log/DIAG_PART_SIGNAL_E50R_(10.08.2026_|_40.913)/checkpoints/model_best_acc_all.pt.
2026-08-10 00:30:08.512 | INFO     | __main__:train:332 - Epoch: [4][0/46]	 loss 3.28068	 cls_loss: 0.1573 cluster_loss: 1.2063 distance sup_con_loss: 1.8187 distance contrastive_loss: 2.8131 angle sup_con_loss: 0.7562 angle contrastive_loss: 3.3481 patch_sup_con_loss: 0.0000 
2026-08-10 00:30:26.808 | INFO     | __main__:train:332 - Epoch: [4][10/46]	 loss 3.45247	 cls_loss: 0.2460 cluster_loss: 1.2866 distance sup_con_loss: 2.4282 distance contrastive_loss: 2.8266 angle sup_con_loss: 0.9864 angle contrastive_loss: 3.3551 patch_sup_con_loss: 0.0000 
2026-08-10 00:30:45.116 | INFO     | __main__:train:332 - Epoch: [4][20/46]	 loss 3.38582	 cls_loss: 0.1978 cluster_loss: 1.3018 distance sup_con_loss: 2.2503 distance contrastive_loss: 2.8260 angle sup_con_loss: 0.8149 angle contrastive_loss: 3.3558 patch_sup_con_loss: 0.0000 
2026-08-10 00:31:03.425 | INFO     | __main__:train:332 - Epoch: [4][30/46]	 loss 3.20045	 cls_loss: 0.2129 cluster_loss: 1.1433 distance sup_con_loss: 1.3924 distance contrastive_loss: 2.7967 angle sup_con_loss: 0.6169 angle contrastive_loss: 3.3367 patch_sup_con_loss: 0.0000 
2026-08-10 00:31:21.734 | INFO     | __main__:train:332 - Epoch: [4][40/46]	 loss 3.18041	 cls_loss: 0.2067 cluster_loss: 1.1451 distance sup_con_loss: 1.3262 distance contrastive_loss: 2.8278 angle sup_con_loss: 0.5605 angle contrastive_loss: 3.3371 patch_sup_con_loss: 0.0000 
[E004] pre  n=2931  conf 0.596(0.26/0.95) H=1.49 effK=   4.4 acc_H 0.524/0.693/0.433 dir_old 0.865
        pair inst=19493  pairs=586579    pos= 0.93% prec 0.369 base 0.0056 lift   66.2 rec 0.618 pconf 0.590/0.491
        gate thr=0.78 pass= 31.6% prec 0.589 pos= 1.42% | logit |z|max 0.95 std 0.19 L2 2.65 range 1.40
2026-08-10 00:31:30.830 | INFO     | __main__:train:334 - Train Epoch: 4 Avg Loss: 3.3678 
2026-08-10 00:31:30.830 | INFO     | __main__:train:340 - Testing on unlabelled examples in the training data...
2026-08-10 00:31:52.599 | INFO     | util.cluster_and_log_utils:log_accs_from_preds:226 - EVAL FUNCTION: <function split_cluster_acc_v2 at 0x7f4caaf4f670>, Epoch 4, Train ACC Unlabelled_v2: All 0.5609 | Old 0.6278 | New 0.5275
2026-08-10 00:31:52.606 | INFO     | util.cluster_and_log_utils:log_accs_from_preds:226 - EVAL FUNCTION: <function split_cluster_acc_v2_balanced at 0x7f4caaf4f700>, Epoch 4, Train ACC Unlabelled_v2b: All 0.5784 | Old 0.6293 | New 0.5275
2026-08-10 00:31:52.623 | INFO     | __main__:train:342 - Testing on disjoint test set...
2026-08-10 00:32:20.056 | INFO     | util.cluster_and_log_utils:log_accs_from_preds:226 - EVAL FUNCTION: <function split_cluster_acc_v2 at 0x7f4caaf4f670>, Epoch 4, Test ACC_v2: All 0.5911 | Old 0.8367 | New 0.3478
2026-08-10 00:32:20.063 | INFO     | util.cluster_and_log_utils:log_accs_from_preds:226 - EVAL FUNCTION: <function split_cluster_acc_v2_balanced at 0x7f4caaf4f700>, Epoch 4, Test ACC_v2b: All 0.5882 | Old 0.8299 | New 0.3465
2026-08-10 00:32:20.082 | INFO     | __main__:train:345 - Train Accuracies: All 0.5609 | Old 0.6278 | New 0.5275
2026-08-10 00:32:20.082 | INFO     | __main__:train:346 - Test Accuracies: All 0.5911 | Old 0.8367 | New 0.3478
2026-08-10 00:32:20.084 | INFO     | __main__:train:350 - model saved to /data/projects/clean_projects/hab/dev_outputs/HypSimGCD_cub/log/DIAG_PART_SIGNAL_E50R_(10.08.2026_|_40.913)/checkpoints/model.pt.
2026-08-10 00:32:20.084 | INFO     | __main__:train:357 - Exp Name: DIAG_PART_SIGNAL_E50R
2026-08-10 00:32:20.084 | INFO     | __main__:train:358 - Metrics with best model on test set: All: 0.5609 Old: 0.6278 New: 0.5275
2026-08-10 00:32:20.085 | INFO     | __main__:train:362 - model saved to /data/projects/clean_projects/hab/dev_outputs/HypSimGCD_cub/log/DIAG_PART_SIGNAL_E50R_(10.08.2026_|_40.913)/checkpoints/model_best.pt.
2026-08-10 00:32:20.085 | INFO     | __main__:train:372 - Exp Name: DIAG_PART_SIGNAL_E50R
2026-08-10 00:32:20.086 | INFO     | __main__:train:373 - Metrics with best (train all-acc) model: All: 0.5609 Old: 0.6278 New: 0.5275
2026-08-10 00:32:20.087 | INFO     | __main__:train:377 - model saved to /data/projects/clean_projects/hab/dev_outputs/HypSimGCD_cub/log/DIAG_PART_SIGNAL_E50R_(10.08.2026_|_40.913)/checkpoints/model_best_acc_all.pt.
2026-08-10 00:32:24.270 | INFO     | __main__:train:332 - Epoch: [5][0/46]	 loss 3.26421	 cls_loss: 0.1774 cluster_loss: 1.1877 distance sup_con_loss: 1.7698 distance contrastive_loss: 2.8059 angle sup_con_loss: 0.7449 angle contrastive_loss: 3.3369 patch_sup_con_loss: 0.0000 
2026-08-10 00:32:42.598 | INFO     | __main__:train:332 - Epoch: [5][10/46]	 loss 3.21799	 cls_loss: 0.1415 cluster_loss: 1.1968 distance sup_con_loss: 1.5714 distance contrastive_loss: 2.7956 angle sup_con_loss: 0.6408 angle contrastive_loss: 3.3339 patch_sup_con_loss: 0.0000 
2026-08-10 00:33:00.965 | INFO     | __main__:train:332 - Epoch: [5][20/46]	 loss 3.38327	 cls_loss: 0.2322 cluster_loss: 1.2160 distance sup_con_loss: 2.5527 distance contrastive_loss: 2.8027 angle sup_con_loss: 0.9805 angle contrastive_loss: 3.3263 patch_sup_con_loss: 0.0000 
2026-08-10 00:33:19.345 | INFO     | __main__:train:332 - Epoch: [5][30/46]	 loss 3.40857	 cls_loss: 0.1684 cluster_loss: 1.3006 distance sup_con_loss: 2.0984 distance contrastive_loss: 2.8527 angle sup_con_loss: 0.8653 angle contrastive_loss: 3.3828 patch_sup_con_loss: 0.0000 
2026-08-10 00:33:37.724 | INFO     | __main__:train:332 - Epoch: [5][40/46]	 loss 3.40692	 cls_loss: 0.1521 cluster_loss: 1.2169 distance sup_con_loss: 2.6359 distance contrastive_loss: 2.8004 angle sup_con_loss: 1.1216 angle contrastive_loss: 3.3301 patch_sup_con_loss: 0.0000 
[E005] pre  n=2974  conf 0.601(0.27/0.95) H=1.49 effK=   4.4 acc_H 0.551/0.716/0.469 dir_old 0.877
        pair inst=19767  pairs=602626    pos= 0.89% prec 0.386 base 0.0056 lift   68.7 rec 0.610 pconf 0.590/0.492
        gate thr=0.77 pass= 31.6% prec 0.716 pos= 1.34% | logit |z|max 0.95 std 0.18 L2 2.61 range 1.41
2026-08-10 00:33:46.826 | INFO     | __main__:train:334 - Train Epoch: 5 Avg Loss: 3.3240 
2026-08-10 00:33:46.826 | INFO     | __main__:train:340 - Testing on unlabelled examples in the training data...
2026-08-10 00:34:08.599 | INFO     | util.cluster_and_log_utils:log_accs_from_preds:226 - EVAL FUNCTION: <function split_cluster_acc_v2 at 0x7f4caaf4f670>, Epoch 5, Train ACC Unlabelled_v2: All 0.5603 | Old 0.6144 | New 0.5332
2026-08-10 00:34:08.606 | INFO     | util.cluster_and_log_utils:log_accs_from_preds:226 - EVAL FUNCTION: <function split_cluster_acc_v2_balanced at 0x7f4caaf4f700>, Epoch 5, Train ACC Unlabelled_v2b: All 0.5793 | Old 0.6257 | New 0.5330
2026-08-10 00:34:08.623 | INFO     | __main__:train:342 - Testing on disjoint test set...
2026-08-10 00:34:36.048 | INFO     | util.cluster_and_log_utils:log_accs_from_preds:226 - EVAL FUNCTION: <function split_cluster_acc_v2 at 0x7f4caaf4f670>, Epoch 5, Test ACC_v2: All 0.6044 | Old 0.8585 | New 0.3526
2026-08-10 00:34:36.056 | INFO     | util.cluster_and_log_utils:log_accs_from_preds:226 - EVAL FUNCTION: <function split_cluster_acc_v2_balanced at 0x7f4caaf4f700>, Epoch 5, Test ACC_v2b: All 0.6003 | Old 0.8543 | New 0.3463
2026-08-10 00:34:36.074 | INFO     | __main__:train:345 - Train Accuracies: All 0.5603 | Old 0.6144 | New 0.5332
2026-08-10 00:34:36.075 | INFO     | __main__:train:346 - Test Accuracies: All 0.6044 | Old 0.8585 | New 0.3526
2026-08-10 00:34:36.076 | INFO     | __main__:train:350 - model saved to /data/projects/clean_projects/hab/dev_outputs/HypSimGCD_cub/log/DIAG_PART_SIGNAL_E50R_(10.08.2026_|_40.913)/checkpoints/model.pt.
2026-08-10 00:34:36.076 | INFO     | __main__:train:357 - Exp Name: DIAG_PART_SIGNAL_E50R
2026-08-10 00:34:36.077 | INFO     | __main__:train:358 - Metrics with best model on test set: All: 0.5603 Old: 0.6144 New: 0.5332
2026-08-10 00:34:36.078 | INFO     | __main__:train:362 - model saved to /data/projects/clean_projects/hab/dev_outputs/HypSimGCD_cub/log/DIAG_PART_SIGNAL_E50R_(10.08.2026_|_40.913)/checkpoints/model_best.pt.
2026-08-10 00:34:40.244 | INFO     | __main__:train:332 - Epoch: [6][0/46]	 loss 3.47021	 cls_loss: 0.1967 cluster_loss: 1.1789 distance sup_con_loss: 3.0037 distance contrastive_loss: 2.7873 angle sup_con_loss: 1.3165 angle contrastive_loss: 3.3324 patch_sup_con_loss: 0.0000 
2026-08-10 00:34:58.552 | INFO     | __main__:train:332 - Epoch: [6][10/46]	 loss 3.22126	 cls_loss: 0.1245 cluster_loss: 1.1219 distance sup_con_loss: 2.0533 distance contrastive_loss: 2.7680 angle sup_con_loss: 0.8179 angle contrastive_loss: 3.3226 patch_sup_con_loss: 0.0000 
2026-08-10 00:35:16.852 | INFO     | __main__:train:332 - Epoch: [6][20/46]	 loss 3.27239	 cls_loss: 0.1178 cluster_loss: 1.1970 distance sup_con_loss: 1.8204 distance contrastive_loss: 2.8218 angle sup_con_loss: 0.7909 angle contrastive_loss: 3.3471 patch_sup_con_loss: 0.0000 
2026-08-10 00:35:35.169 | INFO     | __main__:train:332 - Epoch: [6][30/46]	 loss 3.35325	 cls_loss: 0.1372 cluster_loss: 1.2715 distance sup_con_loss: 1.9938 distance contrastive_loss: 2.8190 angle sup_con_loss: 0.8576 angle contrastive_loss: 3.3489 patch_sup_con_loss: 0.0000 
2026-08-10 00:35:53.519 | INFO     | __main__:train:332 - Epoch: [6][40/46]	 loss 3.23980	 cls_loss: 0.0873 cluster_loss: 1.1770 distance sup_con_loss: 1.9670 distance contrastive_loss: 2.7832 angle sup_con_loss: 0.8027 angle contrastive_loss: 3.3251 patch_sup_con_loss: 0.0000 
[E006] pre  n=2944  conf 0.613(0.27/0.95) H=1.45 effK=   4.3 acc_H 0.558/0.774/0.448 dir_old 0.887
        pair inst=19616  pairs=594433    pos= 0.85% prec 0.380 base 0.0055 lift   69.6 rec 0.589 pconf 0.604/0.512
        gate thr=0.77 pass= 34.6% prec 0.632 pos= 1.36% | logit |z|max 0.95 std 0.18 L2 2.59 range 1.41
2026-08-10 00:36:02.609 | INFO     | __main__:train:334 - Train Epoch: 6 Avg Loss: 3.2541 
2026-08-10 00:36:02.610 | INFO     | __main__:train:340 - Testing on unlabelled examples in the training data...
2026-08-10 00:36:24.368 | INFO     | util.cluster_and_log_utils:log_accs_from_preds:226 - EVAL FUNCTION: <function split_cluster_acc_v2 at 0x7f4caaf4f670>, Epoch 6, Train ACC Unlabelled_v2: All 0.5743 | Old 0.6925 | New 0.5152
2026-08-10 00:36:24.375 | INFO     | util.cluster_and_log_utils:log_accs_from_preds:226 - EVAL FUNCTION: <function split_cluster_acc_v2_balanced at 0x7f4caaf4f700>, Epoch 6, Train ACC Unlabelled_v2b: All 0.6072 | Old 0.6991 | New 0.5152
2026-08-10 00:36:24.392 | INFO     | __main__:train:342 - Testing on disjoint test set...
2026-08-10 00:36:51.771 | INFO     | util.cluster_and_log_utils:log_accs_from_preds:226 - EVAL FUNCTION: <function split_cluster_acc_v2 at 0x7f4caaf4f670>, Epoch 6, Test ACC_v2: All 0.6227 | Old 0.8752 | New 0.3725
2026-08-10 00:36:51.779 | INFO     | util.cluster_and_log_utils:log_accs_from_preds:226 - EVAL FUNCTION: <function split_cluster_acc_v2_balanced at 0x7f4caaf4f700>, Epoch 6, Test ACC_v2b: All 0.6228 | Old 0.8724 | New 0.3732
2026-08-10 00:36:51.797 | INFO     | __main__:train:345 - Train Accuracies: All 0.5743 | Old 0.6925 | New 0.5152
2026-08-10 00:36:51.797 | INFO     | __main__:train:346 - Test Accuracies: All 0.6227 | Old 0.8752 | New 0.3725
2026-08-10 00:36:51.799 | INFO     | __main__:train:350 - model saved to /data/projects/clean_projects/hab/dev_outputs/HypSimGCD_cub/log/DIAG_PART_SIGNAL_E50R_(10.08.2026_|_40.913)/checkpoints/model.pt.
2026-08-10 00:36:51.799 | INFO     | __main__:train:357 - Exp Name: DIAG_PART_SIGNAL_E50R
2026-08-10 00:36:51.799 | INFO     | __main__:train:358 - Metrics with best model on test set: All: 0.5743 Old: 0.6925 New: 0.5152
2026-08-10 00:36:51.800 | INFO     | __main__:train:362 - model saved to /data/projects/clean_projects/hab/dev_outputs/HypSimGCD_cub/log/DIAG_PART_SIGNAL_E50R_(10.08.2026_|_40.913)/checkpoints/model_best.pt.
2026-08-10 00:36:51.801 | INFO     | __main__:train:372 - Exp Name: DIAG_PART_SIGNAL_E50R
2026-08-10 00:36:51.801 | INFO     | __main__:train:373 - Metrics with best (train all-acc) model: All: 0.5743 Old: 0.6925 New: 0.5152
2026-08-10 00:36:51.802 | INFO     | __main__:train:377 - model saved to /data/projects/clean_projects/hab/dev_outputs/HypSimGCD_cub/log/DIAG_PART_SIGNAL_E50R_(10.08.2026_|_40.913)/checkpoints/model_best_acc_all.pt.
2026-08-10 00:36:56.062 | INFO     | __main__:train:332 - Epoch: [7][0/46]	 loss 3.17343	 cls_loss: 0.0860 cluster_loss: 1.0824 distance sup_con_loss: 2.0649 distance contrastive_loss: 2.7429 angle sup_con_loss: 0.8353 angle contrastive_loss: 3.2995 patch_sup_con_loss: 0.0000 
2026-08-10 00:37:14.392 | INFO     | __main__:train:332 - Epoch: [7][10/46]	 loss 3.21779	 cls_loss: 0.1102 cluster_loss: 1.0943 distance sup_con_loss: 2.0577 distance contrastive_loss: 2.7807 angle sup_con_loss: 0.8554 angle contrastive_loss: 3.3323 patch_sup_con_loss: 0.0000 
2026-08-10 00:37:32.724 | INFO     | __main__:train:332 - Epoch: [7][20/46]	 loss 3.17972	 cls_loss: 0.0797 cluster_loss: 1.1194 distance sup_con_loss: 1.8449 distance contrastive_loss: 2.7842 angle sup_con_loss: 0.7503 angle contrastive_loss: 3.3235 patch_sup_con_loss: 0.0000 
2026-08-10 00:37:51.065 | INFO     | __main__:train:332 - Epoch: [7][30/46]	 loss 3.04903	 cls_loss: 0.1220 cluster_loss: 1.1482 distance sup_con_loss: 0.8917 distance contrastive_loss: 2.7376 angle sup_con_loss: 0.3475 angle contrastive_loss: 3.3006 patch_sup_con_loss: 0.0000 
2026-08-10 00:38:09.428 | INFO     | __main__:train:332 - Epoch: [7][40/46]	 loss 3.10652	 cls_loss: 0.0922 cluster_loss: 1.0646 distance sup_con_loss: 1.7203 distance contrastive_loss: 2.7195 angle sup_con_loss: 0.7013 angle contrastive_loss: 3.2882 patch_sup_con_loss: 0.0000 
[E007] pre  n=2974  conf 0.620(0.28/0.96) H=1.40 effK=   4.1 acc_H 0.568/0.758/0.473 dir_old 0.871
        pair inst=19728  pairs=601489    pos= 0.81% prec 0.414 base 0.0054 lift   76.9 rec 0.626 pconf 0.605/0.519
        gate thr=0.77 pass= 35.8% prec 0.706 pos= 1.25% | logit |z|max 0.96 std 0.18 L2 2.58 range 1.43
2026-08-10 00:38:18.536 | INFO     | __main__:train:334 - Train Epoch: 7 Avg Loss: 3.1896 
2026-08-10 00:38:18.536 | INFO     | __main__:train:340 - Testing on unlabelled examples in the training data...
2026-08-10 00:38:40.340 | INFO     | util.cluster_and_log_utils:log_accs_from_preds:226 - EVAL FUNCTION: <function split_cluster_acc_v2 at 0x7f4caaf4f670>, Epoch 7, Train ACC Unlabelled_v2: All 0.6063 | Old 0.7238 | New 0.5475
2026-08-10 00:38:40.347 | INFO     | util.cluster_and_log_utils:log_accs_from_preds:226 - EVAL FUNCTION: <function split_cluster_acc_v2_balanced at 0x7f4caaf4f700>, Epoch 7, Train ACC Unlabelled_v2b: All 0.6380 | Old 0.7283 | New 0.5477
2026-08-10 00:38:40.364 | INFO     | __main__:train:342 - Testing on disjoint test set...
2026-08-10 00:39:07.864 | INFO     | util.cluster_and_log_utils:log_accs_from_preds:226 - EVAL FUNCTION: <function split_cluster_acc_v2 at 0x7f4caaf4f670>, Epoch 7, Test ACC_v2: All 0.6486 | Old 0.8502 | New 0.4488
2026-08-10 00:39:07.872 | INFO     | util.cluster_and_log_utils:log_accs_from_preds:226 - EVAL FUNCTION: <function split_cluster_acc_v2_balanced at 0x7f4caaf4f700>, Epoch 7, Test ACC_v2b: All 0.6482 | Old 0.8491 | New 0.4473
2026-08-10 00:39:07.890 | INFO     | __main__:train:345 - Train Accuracies: All 0.6063 | Old 0.7238 | New 0.5475
2026-08-10 00:39:07.890 | INFO     | __main__:train:346 - Test Accuracies: All 0.6486 | Old 0.8502 | New 0.4488
2026-08-10 00:39:07.892 | INFO     | __main__:train:350 - model saved to /data/projects/clean_projects/hab/dev_outputs/HypSimGCD_cub/log/DIAG_PART_SIGNAL_E50R_(10.08.2026_|_40.913)/checkpoints/model.pt.
2026-08-10 00:39:07.892 | INFO     | __main__:train:372 - Exp Name: DIAG_PART_SIGNAL_E50R
2026-08-10 00:39:07.892 | INFO     | __main__:train:373 - Metrics with best (train all-acc) model: All: 0.6063 Old: 0.7238 New: 0.5475
2026-08-10 00:39:07.893 | INFO     | __main__:train:377 - model saved to /data/projects/clean_projects/hab/dev_outputs/HypSimGCD_cub/log/DIAG_PART_SIGNAL_E50R_(10.08.2026_|_40.913)/checkpoints/model_best_acc_all.pt.
2026-08-10 00:39:12.018 | INFO     | __main__:train:332 - Epoch: [8][0/46]	 loss 3.27408	 cls_loss: 0.1227 cluster_loss: 1.2586 distance sup_con_loss: 1.5627 distance contrastive_loss: 2.7985 angle sup_con_loss: 0.6950 angle contrastive_loss: 3.3415 patch_sup_con_loss: 0.0000 
2026-08-10 00:39:30.392 | INFO     | __main__:train:332 - Epoch: [8][10/46]	 loss 3.29196	 cls_loss: 0.0981 cluster_loss: 1.1675 distance sup_con_loss: 2.0837 distance contrastive_loss: 2.7456 angle sup_con_loss: 0.9750 angle contrastive_loss: 3.3181 patch_sup_con_loss: 0.0000 
2026-08-10 00:39:48.785 | INFO     | __main__:train:332 - Epoch: [8][20/46]	 loss 3.16584	 cls_loss: 0.0757 cluster_loss: 1.1250 distance sup_con_loss: 1.7591 distance contrastive_loss: 2.7448 angle sup_con_loss: 0.7604 angle contrastive_loss: 3.2959 patch_sup_con_loss: 0.0000 
2026-08-10 00:40:07.184 | INFO     | __main__:train:332 - Epoch: [8][30/46]	 loss 3.09809	 cls_loss: 0.1346 cluster_loss: 1.0909 distance sup_con_loss: 1.4415 distance contrastive_loss: 2.7170 angle sup_con_loss: 0.6093 angle contrastive_loss: 3.2800 patch_sup_con_loss: 0.0000 
2026-08-10 00:40:25.559 | INFO     | __main__:train:332 - Epoch: [8][40/46]	 loss 3.08801	 cls_loss: 0.0966 cluster_loss: 1.0283 distance sup_con_loss: 1.7165 distance contrastive_loss: 2.7176 angle sup_con_loss: 0.7067 angle contrastive_loss: 3.2913 patch_sup_con_loss: 0.0000 
[E008] pre  n=2974  conf 0.646(0.31/0.97) H=1.29 effK=   3.6 acc_H 0.593/0.750/0.510 dir_old 0.874
        pair inst=19737  pairs=600707    pos= 0.80% prec 0.462 base 0.0057 lift   81.2 rec 0.652 pconf 0.634/0.551
        gate thr=0.76 pass= 39.4% prec 0.678 pos= 1.16% | logit |z|max 0.98 std 0.18 L2 2.57 range 1.48
2026-08-10 00:40:34.676 | INFO     | __main__:train:334 - Train Epoch: 8 Avg Loss: 3.1340 
2026-08-10 00:40:34.676 | INFO     | __main__:train:340 - Testing on unlabelled examples in the training data...
2026-08-10 00:40:56.488 | INFO     | util.cluster_and_log_utils:log_accs_from_preds:226 - EVAL FUNCTION: <function split_cluster_acc_v2 at 0x7f4caaf4f670>, Epoch 8, Train ACC Unlabelled_v2: All 0.5919 | Old 0.7051 | New 0.5352
2026-08-10 00:40:56.495 | INFO     | util.cluster_and_log_utils:log_accs_from_preds:226 - EVAL FUNCTION: <function split_cluster_acc_v2_balanced at 0x7f4caaf4f700>, Epoch 8, Train ACC Unlabelled_v2b: All 0.6223 | Old 0.7094 | New 0.5352
2026-08-10 00:40:56.512 | INFO     | __main__:train:342 - Testing on disjoint test set...
2026-08-10 00:41:23.923 | INFO     | util.cluster_and_log_utils:log_accs_from_preds:226 - EVAL FUNCTION: <function split_cluster_acc_v2 at 0x7f4caaf4f670>, Epoch 8, Test ACC_v2: All 0.6412 | Old 0.8658 | New 0.4186
2026-08-10 00:41:23.930 | INFO     | util.cluster_and_log_utils:log_accs_from_preds:226 - EVAL FUNCTION: <function split_cluster_acc_v2_balanced at 0x7f4caaf4f700>, Epoch 8, Test ACC_v2b: All 0.6420 | Old 0.8681 | New 0.4159
2026-08-10 00:41:23.949 | INFO     | __main__:train:345 - Train Accuracies: All 0.5919 | Old 0.7051 | New 0.5352
2026-08-10 00:41:23.949 | INFO     | __main__:train:346 - Test Accuracies: All 0.6412 | Old 0.8658 | New 0.4186
2026-08-10 00:41:23.951 | INFO     | __main__:train:350 - model saved to /data/projects/clean_projects/hab/dev_outputs/HypSimGCD_cub/log/DIAG_PART_SIGNAL_E50R_(10.08.2026_|_40.913)/checkpoints/model.pt.
2026-08-10 00:41:28.135 | INFO     | __main__:train:332 - Epoch: [9][0/46]	 loss 2.97786	 cls_loss: 0.0655 cluster_loss: 0.9722 distance sup_con_loss: 1.4572 distance contrastive_loss: 2.6902 angle sup_con_loss: 0.5696 angle contrastive_loss: 3.2723 patch_sup_con_loss: 0.0000 
2026-08-10 00:41:46.436 | INFO     | __main__:train:332 - Epoch: [9][10/46]	 loss 3.09737	 cls_loss: 0.1402 cluster_loss: 1.0379 distance sup_con_loss: 1.5500 distance contrastive_loss: 2.7148 angle sup_con_loss: 0.6865 angle contrastive_loss: 3.2876 patch_sup_con_loss: 0.0000 
2026-08-10 00:42:04.756 | INFO     | __main__:train:332 - Epoch: [9][20/46]	 loss 3.10447	 cls_loss: 0.1108 cluster_loss: 1.0543 distance sup_con_loss: 1.7452 distance contrastive_loss: 2.6821 angle sup_con_loss: 0.7438 angle contrastive_loss: 3.2637 patch_sup_con_loss: 0.0000 
2026-08-10 00:42:23.075 | INFO     | __main__:train:332 - Epoch: [9][30/46]	 loss 3.22005	 cls_loss: 0.0909 cluster_loss: 1.0686 distance sup_con_loss: 2.3492 distance contrastive_loss: 2.7314 angle sup_con_loss: 1.0151 angle contrastive_loss: 3.2814 patch_sup_con_loss: 0.0000 
2026-08-10 00:42:41.391 | INFO     | __main__:train:332 - Epoch: [9][40/46]	 loss 3.05124	 cls_loss: 0.0763 cluster_loss: 1.0474 distance sup_con_loss: 1.2379 distance contrastive_loss: 2.7030 angle sup_con_loss: 0.6109 angle contrastive_loss: 3.2892 patch_sup_con_loss: 0.0000 
[E009] pre  n=2876  conf 0.652(0.32/0.96) H=1.28 effK=   3.6 acc_H 0.598/0.780/0.500 dir_old 0.875
        pair inst=19082  pairs=561152    pos= 0.78% prec 0.455 base 0.0057 lift   79.2 rec 0.619 pconf 0.645/0.552
        gate thr=0.75 pass= 40.6% prec 0.723 pos= 1.07% | logit |z|max 0.96 std 0.18 L2 2.52 range 1.46
2026-08-10 00:42:50.474 | INFO     | __main__:train:334 - Train Epoch: 9 Avg Loss: 3.1208 
2026-08-10 00:42:50.474 | INFO     | __main__:train:340 - Testing on unlabelled examples in the training data...
2026-08-10 00:43:12.285 | INFO     | util.cluster_and_log_utils:log_accs_from_preds:226 - EVAL FUNCTION: <function split_cluster_acc_v2 at 0x7f4caaf4f670>, Epoch 9, Train ACC Unlabelled_v2: All 0.6203 | Old 0.7738 | New 0.5435
2026-08-10 00:43:12.292 | INFO     | util.cluster_and_log_utils:log_accs_from_preds:226 - EVAL FUNCTION: <function split_cluster_acc_v2_balanced at 0x7f4caaf4f700>, Epoch 9, Train ACC Unlabelled_v2b: All 0.6600 | Old 0.7765 | New 0.5435
2026-08-10 00:43:12.309 | INFO     | __main__:train:342 - Testing on disjoint test set...
2026-08-10 00:43:39.711 | INFO     | util.cluster_and_log_utils:log_accs_from_preds:226 - EVAL FUNCTION: <function split_cluster_acc_v2 at 0x7f4caaf4f670>, Epoch 9, Test ACC_v2: All 0.6647 | Old 0.8852 | New 0.4460
2026-08-10 00:43:39.719 | INFO     | util.cluster_and_log_utils:log_accs_from_preds:226 - EVAL FUNCTION: <function split_cluster_acc_v2_balanced at 0x7f4caaf4f700>, Epoch 9, Test ACC_v2b: All 0.6662 | Old 0.8867 | New 0.4458
2026-08-10 00:43:39.738 | INFO     | __main__:train:345 - Train Accuracies: All 0.6203 | Old 0.7738 | New 0.5435
2026-08-10 00:43:39.738 | INFO     | __main__:train:346 - Test Accuracies: All 0.6647 | Old 0.8852 | New 0.4460
2026-08-10 00:43:39.740 | INFO     | __main__:train:350 - model saved to /data/projects/clean_projects/hab/dev_outputs/HypSimGCD_cub/log/DIAG_PART_SIGNAL_E50R_(10.08.2026_|_40.913)/checkpoints/model.pt.
2026-08-10 00:43:39.740 | INFO     | __main__:train:357 - Exp Name: DIAG_PART_SIGNAL_E50R
2026-08-10 00:43:39.740 | INFO     | __main__:train:358 - Metrics with best model on test set: All: 0.6203 Old: 0.7738 New: 0.5435
2026-08-10 00:43:39.741 | INFO     | __main__:train:362 - model saved to /data/projects/clean_projects/hab/dev_outputs/HypSimGCD_cub/log/DIAG_PART_SIGNAL_E50R_(10.08.2026_|_40.913)/checkpoints/model_best.pt.
2026-08-10 00:43:39.742 | INFO     | __main__:train:372 - Exp Name: DIAG_PART_SIGNAL_E50R
2026-08-10 00:43:39.742 | INFO     | __main__:train:373 - Metrics with best (train all-acc) model: All: 0.6203 Old: 0.7738 New: 0.5435
2026-08-10 00:43:39.743 | INFO     | __main__:train:377 - model saved to /data/projects/clean_projects/hab/dev_outputs/HypSimGCD_cub/log/DIAG_PART_SIGNAL_E50R_(10.08.2026_|_40.913)/checkpoints/model_best_acc_all.pt.
2026-08-10 00:43:43.791 | INFO     | __main__:train:332 - Epoch: [10][0/46]	 loss 3.06000	 cls_loss: 0.0904 cluster_loss: 1.0869 distance sup_con_loss: 1.2792 distance contrastive_loss: 2.7117 angle sup_con_loss: 0.5110 angle contrastive_loss: 3.3070 patch_sup_con_loss: 0.0000 
2026-08-10 00:44:02.103 | INFO     | __main__:train:332 - Epoch: [10][10/46]	 loss 3.19150	 cls_loss: 0.0952 cluster_loss: 1.0643 distance sup_con_loss: 2.2300 distance contrastive_loss: 2.6900 angle sup_con_loss: 0.9371 angle contrastive_loss: 3.2843 patch_sup_con_loss: 0.0000 
2026-08-10 00:44:20.455 | INFO     | __main__:train:332 - Epoch: [10][20/46]	 loss 3.25194	 cls_loss: 0.1132 cluster_loss: 1.1823 distance sup_con_loss: 1.9571 distance contrastive_loss: 2.7513 angle sup_con_loss: 0.8229 angle contrastive_loss: 3.3140 patch_sup_con_loss: 0.0000 
2026-08-10 00:44:38.817 | INFO     | __main__:train:332 - Epoch: [10][30/46]	 loss 3.13038	 cls_loss: 0.1004 cluster_loss: 1.0940 distance sup_con_loss: 1.4987 distance contrastive_loss: 2.7080 angle sup_con_loss: 0.7306 angle contrastive_loss: 3.2835 patch_sup_con_loss: 0.0000 
2026-08-10 00:44:57.190 | INFO     | __main__:train:332 - Epoch: [10][40/46]	 loss 3.06270	 cls_loss: 0.0780 cluster_loss: 1.0239 distance sup_con_loss: 1.4097 distance contrastive_loss: 2.7171 angle sup_con_loss: 0.6573 angle contrastive_loss: 3.3019 patch_sup_con_loss: 0.0000 
[E010] pre  n=2918  conf 0.658(0.32/0.97) H=1.27 effK=   3.6 acc_H 0.599/0.790/0.513 dir_old 0.876
        pair inst=19347  pairs=576523    pos= 0.79% prec 0.458 base 0.0060 lift   76.9 rec 0.607 pconf 0.660/0.569
        gate thr=0.75 pass= 42.8% prec 0.651 pos= 1.12% | logit |z|max 0.97 std 0.18 L2 2.52 range 1.45
2026-08-10 00:45:06.309 | INFO     | __main__:train:334 - Train Epoch: 10 Avg Loss: 3.0973 
2026-08-10 00:45:06.309 | INFO     | __main__:train:340 - Testing on unlabelled examples in the training data...
2026-08-10 00:45:28.193 | INFO     | util.cluster_and_log_utils:log_accs_from_preds:226 - EVAL FUNCTION: <function split_cluster_acc_v2 at 0x7f4caaf4f670>, Epoch 10, Train ACC Unlabelled_v2: All 0.6266 | Old 0.7565 | New 0.5616
2026-08-10 00:45:28.200 | INFO     | util.cluster_and_log_utils:log_accs_from_preds:226 - EVAL FUNCTION: <function split_cluster_acc_v2_balanced at 0x7f4caaf4f700>, Epoch 10, Train ACC Unlabelled_v2b: All 0.6609 | Old 0.7603 | New 0.5615
2026-08-10 00:45:28.215 | INFO     | __main__:train:342 - Testing on disjoint test set...
2026-08-10 00:45:55.724 | INFO     | util.cluster_and_log_utils:log_accs_from_preds:226 - EVAL FUNCTION: <function split_cluster_acc_v2 at 0x7f4caaf4f670>, Epoch 10, Test ACC_v2: All 0.6710 | Old 0.8696 | New 0.4742
2026-08-10 00:45:55.732 | INFO     | util.cluster_and_log_utils:log_accs_from_preds:226 - EVAL FUNCTION: <function split_cluster_acc_v2_balanced at 0x7f4caaf4f700>, Epoch 10, Test ACC_v2b: All 0.6721 | Old 0.8718 | New 0.4724
2026-08-10 00:45:55.749 | INFO     | __main__:train:345 - Train Accuracies: All 0.6266 | Old 0.7565 | New 0.5616
2026-08-10 00:45:55.749 | INFO     | __main__:train:346 - Test Accuracies: All 0.6710 | Old 0.8696 | New 0.4742
2026-08-10 00:45:55.751 | INFO     | __main__:train:350 - model saved to /data/projects/clean_projects/hab/dev_outputs/HypSimGCD_cub/log/DIAG_PART_SIGNAL_E50R_(10.08.2026_|_40.913)/checkpoints/model.pt.
2026-08-10 00:45:55.751 | INFO     | __main__:train:372 - Exp Name: DIAG_PART_SIGNAL_E50R
2026-08-10 00:45:55.751 | INFO     | __main__:train:373 - Metrics with best (train all-acc) model: All: 0.6266 Old: 0.7565 New: 0.5616
2026-08-10 00:45:55.752 | INFO     | __main__:train:377 - model saved to /data/projects/clean_projects/hab/dev_outputs/HypSimGCD_cub/log/DIAG_PART_SIGNAL_E50R_(10.08.2026_|_40.913)/checkpoints/model_best_acc_all.pt.
2026-08-10 00:45:59.964 | INFO     | __main__:train:332 - Epoch: [11][0/46]	 loss 3.12416	 cls_loss: 0.1005 cluster_loss: 1.0287 distance sup_con_loss: 1.8423 distance contrastive_loss: 2.7510 angle sup_con_loss: 0.7697 angle contrastive_loss: 3.3079 patch_sup_con_loss: 0.0000 
2026-08-10 00:46:18.267 | INFO     | __main__:train:332 - Epoch: [11][10/46]	 loss 2.96238	 cls_loss: 0.0849 cluster_loss: 1.0017 distance sup_con_loss: 1.0244 distance contrastive_loss: 2.6756 angle sup_con_loss: 0.4705 angle contrastive_loss: 3.2748 patch_sup_con_loss: 0.0000 
2026-08-10 00:46:36.569 | INFO     | __main__:train:332 - Epoch: [11][20/46]	 loss 2.96955	 cls_loss: 0.1041 cluster_loss: 1.0014 distance sup_con_loss: 1.2911 distance contrastive_loss: 2.7026 angle sup_con_loss: 0.4707 angle contrastive_loss: 3.2649 patch_sup_con_loss: 0.0000 
2026-08-10 00:46:54.891 | INFO     | __main__:train:332 - Epoch: [11][30/46]	 loss 3.09742	 cls_loss: 0.0602 cluster_loss: 1.0065 distance sup_con_loss: 1.7720 distance contrastive_loss: 2.6963 angle sup_con_loss: 0.8248 angle contrastive_loss: 3.2871 patch_sup_con_loss: 0.0000 
2026-08-10 00:47:13.225 | INFO     | __main__:train:332 - Epoch: [11][40/46]	 loss 3.15194	 cls_loss: 0.0573 cluster_loss: 1.0450 distance sup_con_loss: 2.0000 distance contrastive_loss: 2.6827 angle sup_con_loss: 0.9389 angle contrastive_loss: 3.2686 patch_sup_con_loss: 0.0000 
[E011] pre  n=2939  conf 0.652(0.31/0.96) H=1.30 effK=   3.7 acc_H 0.602/0.763/0.524 dir_old 0.846
        pair inst=19518  pairs=588034    pos= 0.75% prec 0.449 base 0.0054 lift   82.4 rec 0.618 pconf 0.628/0.534
        gate thr=0.75 pass= 41.8% prec 0.740 pos= 0.90% | logit |z|max 0.96 std 0.18 L2 2.51 range 1.44
2026-08-10 00:47:22.351 | INFO     | __main__:train:334 - Train Epoch: 11 Avg Loss: 3.0718 
2026-08-10 00:47:22.352 | INFO     | __main__:train:340 - Testing on unlabelled examples in the training data...
2026-08-10 00:47:44.137 | INFO     | util.cluster_and_log_utils:log_accs_from_preds:226 - EVAL FUNCTION: <function split_cluster_acc_v2 at 0x7f4caaf4f670>, Epoch 11, Train ACC Unlabelled_v2: All 0.6321 | Old 0.7792 | New 0.5586
2026-08-10 00:47:44.143 | INFO     | util.cluster_and_log_utils:log_accs_from_preds:226 - EVAL FUNCTION: <function split_cluster_acc_v2_balanced at 0x7f4caaf4f700>, Epoch 11, Train ACC Unlabelled_v2b: All 0.6681 | Old 0.7776 | New 0.5587
2026-08-10 00:47:44.160 | INFO     | __main__:train:342 - Testing on disjoint test set...
2026-08-10 00:48:11.577 | INFO     | util.cluster_and_log_utils:log_accs_from_preds:226 - EVAL FUNCTION: <function split_cluster_acc_v2 at 0x7f4caaf4f670>, Epoch 11, Test ACC_v2: All 0.6710 | Old 0.8686 | New 0.4753
2026-08-10 00:48:11.585 | INFO     | util.cluster_and_log_utils:log_accs_from_preds:226 - EVAL FUNCTION: <function split_cluster_acc_v2_balanced at 0x7f4caaf4f700>, Epoch 11, Test ACC_v2b: All 0.6708 | Old 0.8693 | New 0.4722
2026-08-10 00:48:11.603 | INFO     | __main__:train:345 - Train Accuracies: All 0.6321 | Old 0.7792 | New 0.5586
2026-08-10 00:48:11.603 | INFO     | __main__:train:346 - Test Accuracies: All 0.6710 | Old 0.8686 | New 0.4753
2026-08-10 00:48:11.604 | INFO     | __main__:train:350 - model saved to /data/projects/clean_projects/hab/dev_outputs/HypSimGCD_cub/log/DIAG_PART_SIGNAL_E50R_(10.08.2026_|_40.913)/checkpoints/model.pt.
2026-08-10 00:48:11.605 | INFO     | __main__:train:372 - Exp Name: DIAG_PART_SIGNAL_E50R
2026-08-10 00:48:11.605 | INFO     | __main__:train:373 - Metrics with best (train all-acc) model: All: 0.6321 Old: 0.7792 New: 0.5586
2026-08-10 00:48:11.606 | INFO     | __main__:train:377 - model saved to /data/projects/clean_projects/hab/dev_outputs/HypSimGCD_cub/log/DIAG_PART_SIGNAL_E50R_(10.08.2026_|_40.913)/checkpoints/model_best_acc_all.pt.
2026-08-10 00:48:15.708 | INFO     | __main__:train:332 - Epoch: [12][0/46]	 loss 3.15037	 cls_loss: 0.1370 cluster_loss: 1.0692 distance sup_con_loss: 1.5426 distance contrastive_loss: 2.6984 angle sup_con_loss: 0.8088 angle contrastive_loss: 3.2804 patch_sup_con_loss: 0.0000 
2026-08-10 00:48:34.030 | INFO     | __main__:train:332 - Epoch: [12][10/46]	 loss 3.05469	 cls_loss: 0.0657 cluster_loss: 0.9863 distance sup_con_loss: 1.6961 distance contrastive_loss: 2.6916 angle sup_con_loss: 0.7634 angle contrastive_loss: 3.2719 patch_sup_con_loss: 0.0000 
2026-08-10 00:48:52.381 | INFO     | __main__:train:332 - Epoch: [12][20/46]	 loss 3.03378	 cls_loss: 0.0470 cluster_loss: 1.0816 distance sup_con_loss: 1.1707 distance contrastive_loss: 2.7017 angle sup_con_loss: 0.5370 angle contrastive_loss: 3.2872 patch_sup_con_loss: 0.0000 
2026-08-10 00:49:10.746 | INFO     | __main__:train:332 - Epoch: [12][30/46]	 loss 3.00004	 cls_loss: 0.0632 cluster_loss: 0.9640 distance sup_con_loss: 1.6100 distance contrastive_loss: 2.6613 angle sup_con_loss: 0.6820 angle contrastive_loss: 3.2563 patch_sup_con_loss: 0.0000 
2026-08-10 00:49:29.117 | INFO     | __main__:train:332 - Epoch: [12][40/46]	 loss 3.18860	 cls_loss: 0.0639 cluster_loss: 1.0814 distance sup_con_loss: 1.9951 distance contrastive_loss: 2.7165 angle sup_con_loss: 0.9271 angle contrastive_loss: 3.2904 patch_sup_con_loss: 0.0000 
[E012] pre  n=2949  conf 0.675(0.33/0.97) H=1.19 effK=   3.3 acc_H 0.615/0.781/0.533 dir_old 0.867
        pair inst=19620  pairs=592554    pos= 0.77% prec 0.496 base 0.0058 lift   85.4 rec 0.660 pconf 0.670/0.584
        gate thr=0.74 pass= 45.7% prec 0.733 pos= 1.05% | logit |z|max 0.99 std 0.18 L2 2.53 range 1.46
2026-08-10 00:49:38.230 | INFO     | __main__:train:334 - Train Epoch: 12 Avg Loss: 3.0595 
2026-08-10 00:49:38.231 | INFO     | __main__:train:340 - Testing on unlabelled examples in the training data...
2026-08-10 00:50:00.044 | INFO     | util.cluster_and_log_utils:log_accs_from_preds:226 - EVAL FUNCTION: <function split_cluster_acc_v2 at 0x7f4caaf4f670>, Epoch 12, Train ACC Unlabelled_v2: All 0.6283 | Old 0.7438 | New 0.5706
2026-08-10 00:50:00.051 | INFO     | util.cluster_and_log_utils:log_accs_from_preds:226 - EVAL FUNCTION: <function split_cluster_acc_v2_balanced at 0x7f4caaf4f700>, Epoch 12, Train ACC Unlabelled_v2b: All 0.6608 | Old 0.7510 | New 0.5706
2026-08-10 00:50:00.067 | INFO     | __main__:train:342 - Testing on disjoint test set...
2026-08-10 00:50:27.542 | INFO     | util.cluster_and_log_utils:log_accs_from_preds:226 - EVAL FUNCTION: <function split_cluster_acc_v2 at 0x7f4caaf4f670>, Epoch 12, Test ACC_v2: All 0.6664 | Old 0.8440 | New 0.4904
2026-08-10 00:50:27.550 | INFO     | util.cluster_and_log_utils:log_accs_from_preds:226 - EVAL FUNCTION: <function split_cluster_acc_v2_balanced at 0x7f4caaf4f700>, Epoch 12, Test ACC_v2b: All 0.6672 | Old 0.8442 | New 0.4901
2026-08-10 00:50:27.567 | INFO     | __main__:train:345 - Train Accuracies: All 0.6283 | Old 0.7438 | New 0.5706
2026-08-10 00:50:27.568 | INFO     | __main__:train:346 - Test Accuracies: All 0.6664 | Old 0.8440 | New 0.4904
2026-08-10 00:50:27.569 | INFO     | __main__:train:350 - model saved to /data/projects/clean_projects/hab/dev_outputs/HypSimGCD_cub/log/DIAG_PART_SIGNAL_E50R_(10.08.2026_|_40.913)/checkpoints/model.pt.
2026-08-10 00:50:31.726 | INFO     | __main__:train:332 - Epoch: [13][0/46]	 loss 3.01444	 cls_loss: 0.0663 cluster_loss: 1.0627 distance sup_con_loss: 1.1504 distance contrastive_loss: 2.6976 angle sup_con_loss: 0.5220 angle contrastive_loss: 3.2749 patch_sup_con_loss: 0.0000 
2026-08-10 00:50:50.090 | INFO     | __main__:train:332 - Epoch: [13][10/46]	 loss 2.99244	 cls_loss: 0.1418 cluster_loss: 0.9467 distance sup_con_loss: 1.2438 distance contrastive_loss: 2.7256 angle sup_con_loss: 0.5894 angle contrastive_loss: 3.2773 patch_sup_con_loss: 0.0000 
2026-08-10 00:51:08.457 | INFO     | __main__:train:332 - Epoch: [13][20/46]	 loss 3.08981	 cls_loss: 0.0862 cluster_loss: 1.0787 distance sup_con_loss: 1.3295 distance contrastive_loss: 2.7267 angle sup_con_loss: 0.6465 angle contrastive_loss: 3.2942 patch_sup_con_loss: 0.0000 
2026-08-10 00:51:26.841 | INFO     | __main__:train:332 - Epoch: [13][30/46]	 loss 3.01265	 cls_loss: 0.0914 cluster_loss: 1.0077 distance sup_con_loss: 1.5368 distance contrastive_loss: 2.6678 angle sup_con_loss: 0.5989 angle contrastive_loss: 3.2616 patch_sup_con_loss: 0.0000 
2026-08-10 00:51:45.209 | INFO     | __main__:train:332 - Epoch: [13][40/46]	 loss 2.95689	 cls_loss: 0.0520 cluster_loss: 0.9892 distance sup_con_loss: 1.1670 distance contrastive_loss: 2.6598 angle sup_con_loss: 0.5387 angle contrastive_loss: 3.2602 patch_sup_con_loss: 0.0000 
[E013] pre  n=2911  conf 0.681(0.35/0.97) H=1.19 effK=   3.3 acc_H 0.637/0.773/0.565 dir_old 0.861
        pair inst=19290  pairs=573395    pos= 0.74% prec 0.497 base 0.0054 lift   91.4 rec 0.673 pconf 0.673/0.595
        gate thr=0.73 pass= 46.3% prec 0.703 pos= 0.99% | logit |z|max 0.97 std 0.18 L2 2.49 range 1.46
2026-08-10 00:51:54.320 | INFO     | __main__:train:334 - Train Epoch: 13 Avg Loss: 3.0372 
2026-08-10 00:51:54.321 | INFO     | __main__:train:340 - Testing on unlabelled examples in the training data...
2026-08-10 00:52:16.114 | INFO     | util.cluster_and_log_utils:log_accs_from_preds:226 - EVAL FUNCTION: <function split_cluster_acc_v2 at 0x7f4caaf4f670>, Epoch 13, Train ACC Unlabelled_v2: All 0.6495 | Old 0.7518 | New 0.5983
2026-08-10 00:52:16.121 | INFO     | util.cluster_and_log_utils:log_accs_from_preds:226 - EVAL FUNCTION: <function split_cluster_acc_v2_balanced at 0x7f4caaf4f700>, Epoch 13, Train ACC Unlabelled_v2b: All 0.6766 | Old 0.7547 | New 0.5984
2026-08-10 00:52:16.137 | INFO     | __main__:train:342 - Testing on disjoint test set...
2026-08-10 00:52:43.538 | INFO     | util.cluster_and_log_utils:log_accs_from_preds:226 - EVAL FUNCTION: <function split_cluster_acc_v2 at 0x7f4caaf4f670>, Epoch 13, Test ACC_v2: All 0.6842 | Old 0.8512 | New 0.5186
2026-08-10 00:52:43.546 | INFO     | util.cluster_and_log_utils:log_accs_from_preds:226 - EVAL FUNCTION: <function split_cluster_acc_v2_balanced at 0x7f4caaf4f700>, Epoch 13, Test ACC_v2b: All 0.6845 | Old 0.8491 | New 0.5200
2026-08-10 00:52:43.564 | INFO     | __main__:train:345 - Train Accuracies: All 0.6495 | Old 0.7518 | New 0.5983
2026-08-10 00:52:43.564 | INFO     | __main__:train:346 - Test Accuracies: All 0.6842 | Old 0.8512 | New 0.5186
2026-08-10 00:52:43.566 | INFO     | __main__:train:350 - model saved to /data/projects/clean_projects/hab/dev_outputs/HypSimGCD_cub/log/DIAG_PART_SIGNAL_E50R_(10.08.2026_|_40.913)/checkpoints/model.pt.
2026-08-10 00:52:43.566 | INFO     | __main__:train:372 - Exp Name: DIAG_PART_SIGNAL_E50R
2026-08-10 00:52:43.566 | INFO     | __main__:train:373 - Metrics with best (train all-acc) model: All: 0.6495 Old: 0.7518 New: 0.5983
2026-08-10 00:52:43.568 | INFO     | __main__:train:377 - model saved to /data/projects/clean_projects/hab/dev_outputs/HypSimGCD_cub/log/DIAG_PART_SIGNAL_E50R_(10.08.2026_|_40.913)/checkpoints/model_best_acc_all.pt.
2026-08-10 00:52:47.787 | INFO     | __main__:train:332 - Epoch: [14][0/46]	 loss 2.87553	 cls_loss: 0.0811 cluster_loss: 0.9177 distance sup_con_loss: 0.8962 distance contrastive_loss: 2.6594 angle sup_con_loss: 0.4150 angle contrastive_loss: 3.2650 patch_sup_con_loss: 0.0000 
2026-08-10 00:53:06.121 | INFO     | __main__:train:332 - Epoch: [14][10/46]	 loss 3.13647	 cls_loss: 0.0751 cluster_loss: 1.0577 distance sup_con_loss: 1.9953 distance contrastive_loss: 2.6839 angle sup_con_loss: 0.8505 angle contrastive_loss: 3.2667 patch_sup_con_loss: 0.0000 
2026-08-10 00:53:24.476 | INFO     | __main__:train:332 - Epoch: [14][20/46]	 loss 2.93390	 cls_loss: 0.0727 cluster_loss: 0.9773 distance sup_con_loss: 1.0952 distance contrastive_loss: 2.6525 angle sup_con_loss: 0.4813 angle contrastive_loss: 3.2588 patch_sup_con_loss: 0.0000 
2026-08-10 00:53:42.847 | INFO     | __main__:train:332 - Epoch: [14][30/46]	 loss 3.05136	 cls_loss: 0.0613 cluster_loss: 0.9925 distance sup_con_loss: 1.6425 distance contrastive_loss: 2.7013 angle sup_con_loss: 0.7186 angle contrastive_loss: 3.2888 patch_sup_con_loss: 0.0000 
2026-08-10 00:54:01.239 | INFO     | __main__:train:332 - Epoch: [14][40/46]	 loss 3.06483	 cls_loss: 0.0683 cluster_loss: 0.9790 distance sup_con_loss: 1.5810 distance contrastive_loss: 2.6997 angle sup_con_loss: 0.8203 angle contrastive_loss: 3.2696 patch_sup_con_loss: 0.0000 
[E014] pre  n=2941  conf 0.683(0.36/0.96) H=1.17 effK=   3.2 acc_H 0.639/0.787/0.563 dir_old 0.874
        pair inst=19531  pairs=588176    pos= 0.75% prec 0.536 base 0.0060 lift   89.4 rec 0.671 pconf 0.664/0.579
        gate thr=0.73 pass= 47.6% prec 0.737 pos= 0.94% | logit |z|max 0.97 std 0.18 L2 2.50 range 1.45
2026-08-10 00:54:10.352 | INFO     | __main__:train:334 - Train Epoch: 14 Avg Loss: 2.9804 
2026-08-10 00:54:10.353 | INFO     | __main__:train:340 - Testing on unlabelled examples in the training data...
2026-08-10 00:54:32.158 | INFO     | util.cluster_and_log_utils:log_accs_from_preds:226 - EVAL FUNCTION: <function split_cluster_acc_v2 at 0x7f4caaf4f670>, Epoch 14, Train ACC Unlabelled_v2: All 0.6497 | Old 0.7658 | New 0.5916
2026-08-10 00:54:32.165 | INFO     | util.cluster_and_log_utils:log_accs_from_preds:226 - EVAL FUNCTION: <function split_cluster_acc_v2_balanced at 0x7f4caaf4f700>, Epoch 14, Train ACC Unlabelled_v2b: All 0.6784 | Old 0.7652 | New 0.5916
2026-08-10 00:54:32.182 | INFO     | __main__:train:342 - Testing on disjoint test set...
2026-08-10 00:54:59.628 | INFO     | util.cluster_and_log_utils:log_accs_from_preds:226 - EVAL FUNCTION: <function split_cluster_acc_v2 at 0x7f4caaf4f670>, Epoch 14, Test ACC_v2: All 0.6950 | Old 0.8762 | New 0.5155
2026-08-10 00:54:59.636 | INFO     | util.cluster_and_log_utils:log_accs_from_preds:226 - EVAL FUNCTION: <function split_cluster_acc_v2_balanced at 0x7f4caaf4f700>, Epoch 14, Test ACC_v2b: All 0.6964 | Old 0.8774 | New 0.5154
2026-08-10 00:54:59.655 | INFO     | __main__:train:345 - Train Accuracies: All 0.6497 | Old 0.7658 | New 0.5916
2026-08-10 00:54:59.655 | INFO     | __main__:train:346 - Test Accuracies: All 0.6950 | Old 0.8762 | New 0.5155
2026-08-10 00:54:59.657 | INFO     | __main__:train:350 - model saved to /data/projects/clean_projects/hab/dev_outputs/HypSimGCD_cub/log/DIAG_PART_SIGNAL_E50R_(10.08.2026_|_40.913)/checkpoints/model.pt.
2026-08-10 00:54:59.657 | INFO     | __main__:train:372 - Exp Name: DIAG_PART_SIGNAL_E50R
2026-08-10 00:54:59.658 | INFO     | __main__:train:373 - Metrics with best (train all-acc) model: All: 0.6497 Old: 0.7658 New: 0.5916
2026-08-10 00:54:59.659 | INFO     | __main__:train:377 - model saved to /data/projects/clean_projects/hab/dev_outputs/HypSimGCD_cub/log/DIAG_PART_SIGNAL_E50R_(10.08.2026_|_40.913)/checkpoints/model_best_acc_all.pt.
2026-08-10 00:55:03.896 | INFO     | __main__:train:332 - Epoch: [15][0/46]	 loss 3.01165	 cls_loss: 0.0473 cluster_loss: 0.9632 distance sup_con_loss: 1.4434 distance contrastive_loss: 2.6551 angle sup_con_loss: 0.7414 angle contrastive_loss: 3.2639 patch_sup_con_loss: 0.0000 
2026-08-10 00:55:22.238 | INFO     | __main__:train:332 - Epoch: [15][10/46]	 loss 3.05017	 cls_loss: 0.1061 cluster_loss: 0.9930 distance sup_con_loss: 1.6836 distance contrastive_loss: 2.6714 angle sup_con_loss: 0.7206 angle contrastive_loss: 3.2600 patch_sup_con_loss: 0.0000 
2026-08-10 00:55:40.580 | INFO     | __main__:train:332 - Epoch: [15][20/46]	 loss 3.04440	 cls_loss: 0.0820 cluster_loss: 1.0091 distance sup_con_loss: 1.4098 distance contrastive_loss: 2.6601 angle sup_con_loss: 0.7360 angle contrastive_loss: 3.2524 patch_sup_con_loss: 0.0000 
2026-08-10 00:55:58.958 | INFO     | __main__:train:332 - Epoch: [15][30/46]	 loss 2.87327	 cls_loss: 0.0737 cluster_loss: 0.9148 distance sup_con_loss: 1.0447 distance contrastive_loss: 2.6070 angle sup_con_loss: 0.4651 angle contrastive_loss: 3.2412 patch_sup_con_loss: 0.0000 
2026-08-10 00:56:17.343 | INFO     | __main__:train:332 - Epoch: [15][40/46]	 loss 2.92831	 cls_loss: 0.0459 cluster_loss: 0.9358 distance sup_con_loss: 1.3216 distance contrastive_loss: 2.6570 angle sup_con_loss: 0.5734 angle contrastive_loss: 3.2511 patch_sup_con_loss: 0.0000 
[E015] pre  n=2944  conf 0.695(0.37/0.97) H=1.12 effK=   3.1 acc_H 0.661/0.793/0.593 dir_old 0.864
        pair inst=19575  pairs=591346    pos= 0.68% prec 0.502 base 0.0053 lift   94.0 rec 0.638 pconf 0.684/0.602
        gate thr=0.73 pass= 50.7% prec 0.763 pos= 0.87% | logit |z|max 0.97 std 0.18 L2 2.49 range 1.45
2026-08-10 00:56:26.441 | INFO     | __main__:train:334 - Train Epoch: 15 Avg Loss: 2.9996 
2026-08-10 00:56:26.442 | INFO     | __main__:train:340 - Testing on unlabelled examples in the training data...
2026-08-10 00:56:48.239 | INFO     | util.cluster_and_log_utils:log_accs_from_preds:226 - EVAL FUNCTION: <function split_cluster_acc_v2 at 0x7f4caaf4f670>, Epoch 15, Train ACC Unlabelled_v2: All 0.6724 | Old 0.7919 | New 0.6126
2026-08-10 00:56:48.246 | INFO     | util.cluster_and_log_utils:log_accs_from_preds:226 - EVAL FUNCTION: <function split_cluster_acc_v2_balanced at 0x7f4caaf4f700>, Epoch 15, Train ACC Unlabelled_v2b: All 0.7047 | Old 0.7969 | New 0.6125
2026-08-10 00:56:48.263 | INFO     | __main__:train:342 - Testing on disjoint test set...
2026-08-10 00:57:15.674 | INFO     | util.cluster_and_log_utils:log_accs_from_preds:226 - EVAL FUNCTION: <function split_cluster_acc_v2 at 0x7f4caaf4f670>, Epoch 15, Test ACC_v2: All 0.7118 | Old 0.8592 | New 0.5656
2026-08-10 00:57:15.681 | INFO     | util.cluster_and_log_utils:log_accs_from_preds:226 - EVAL FUNCTION: <function split_cluster_acc_v2_balanced at 0x7f4caaf4f700>, Epoch 15, Test ACC_v2b: All 0.7115 | Old 0.8614 | New 0.5617
2026-08-10 00:57:15.699 | INFO     | __main__:train:345 - Train Accuracies: All 0.6724 | Old 0.7919 | New 0.6126
2026-08-10 00:57:15.699 | INFO     | __main__:train:346 - Test Accuracies: All 0.7118 | Old 0.8592 | New 0.5656
2026-08-10 00:57:15.701 | INFO     | __main__:train:350 - model saved to /data/projects/clean_projects/hab/dev_outputs/HypSimGCD_cub/log/DIAG_PART_SIGNAL_E50R_(10.08.2026_|_40.913)/checkpoints/model.pt.
2026-08-10 00:57:15.701 | INFO     | __main__:train:372 - Exp Name: DIAG_PART_SIGNAL_E50R
2026-08-10 00:57:15.701 | INFO     | __main__:train:373 - Metrics with best (train all-acc) model: All: 0.6724 Old: 0.7919 New: 0.6126
2026-08-10 00:57:15.703 | INFO     | __main__:train:377 - model saved to /data/projects/clean_projects/hab/dev_outputs/HypSimGCD_cub/log/DIAG_PART_SIGNAL_E50R_(10.08.2026_|_40.913)/checkpoints/model_best_acc_all.pt.
2026-08-10 00:57:19.876 | INFO     | __main__:train:332 - Epoch: [16][0/46]	 loss 2.95423	 cls_loss: 0.0437 cluster_loss: 0.9346 distance sup_con_loss: 1.4718 distance contrastive_loss: 2.6472 angle sup_con_loss: 0.6511 angle contrastive_loss: 3.2499 patch_sup_con_loss: 0.0000 
2026-08-10 00:57:38.202 | INFO     | __main__:train:332 - Epoch: [16][10/46]	 loss 3.07478	 cls_loss: 0.0519 cluster_loss: 1.0192 distance sup_con_loss: 1.4935 distance contrastive_loss: 2.6667 angle sup_con_loss: 0.7744 angle contrastive_loss: 3.2860 patch_sup_con_loss: 0.0000 
2026-08-10 00:57:56.549 | INFO     | __main__:train:332 - Epoch: [16][20/46]	 loss 3.03264	 cls_loss: 0.0552 cluster_loss: 0.9860 distance sup_con_loss: 1.4899 distance contrastive_loss: 2.6615 angle sup_con_loss: 0.7760 angle contrastive_loss: 3.2494 patch_sup_con_loss: 0.0000 
2026-08-10 00:58:14.889 | INFO     | __main__:train:332 - Epoch: [16][30/46]	 loss 3.05819	 cls_loss: 0.0671 cluster_loss: 1.0188 distance sup_con_loss: 1.4933 distance contrastive_loss: 2.6689 angle sup_con_loss: 0.7296 angle contrastive_loss: 3.2736 patch_sup_con_loss: 0.0000 
2026-08-10 00:58:33.235 | INFO     | __main__:train:332 - Epoch: [16][40/46]	 loss 3.09689	 cls_loss: 0.0773 cluster_loss: 1.0469 distance sup_con_loss: 1.6634 distance contrastive_loss: 2.6647 angle sup_con_loss: 0.7833 angle contrastive_loss: 3.2649 patch_sup_con_loss: 0.0000 
[E016] pre  n=2985  conf 0.695(0.38/0.97) H=1.16 effK=   3.2 acc_H 0.659/0.808/0.585 dir_old 0.856
        pair inst=19826  pairs=606123    pos= 0.70% prec 0.499 base 0.0054 lift   92.0 rec 0.649 pconf 0.675/0.588
        gate thr=0.72 pass= 50.5% prec 0.754 pos= 0.78% | logit |z|max 0.95 std 0.17 L2 2.47 range 1.43
2026-08-10 00:58:42.342 | INFO     | __main__:train:334 - Train Epoch: 16 Avg Loss: 2.9651 
2026-08-10 00:58:42.343 | INFO     | __main__:train:340 - Testing on unlabelled examples in the training data...
2026-08-10 00:59:04.122 | INFO     | util.cluster_and_log_utils:log_accs_from_preds:226 - EVAL FUNCTION: <function split_cluster_acc_v2 at 0x7f4caaf4f670>, Epoch 16, Train ACC Unlabelled_v2: All 0.6764 | Old 0.7985 | New 0.6153
2026-08-10 00:59:04.129 | INFO     | util.cluster_and_log_utils:log_accs_from_preds:226 - EVAL FUNCTION: <function split_cluster_acc_v2_balanced at 0x7f4caaf4f700>, Epoch 16, Train ACC Unlabelled_v2b: All 0.7091 | Old 0.8032 | New 0.6150
2026-08-10 00:59:04.146 | INFO     | __main__:train:342 - Testing on disjoint test set...
2026-08-10 00:59:31.585 | INFO     | util.cluster_and_log_utils:log_accs_from_preds:226 - EVAL FUNCTION: <function split_cluster_acc_v2 at 0x7f4caaf4f670>, Epoch 16, Test ACC_v2: All 0.7042 | Old 0.8627 | New 0.5471
2026-08-10 00:59:31.593 | INFO     | util.cluster_and_log_utils:log_accs_from_preds:226 - EVAL FUNCTION: <function split_cluster_acc_v2_balanced at 0x7f4caaf4f700>, Epoch 16, Test ACC_v2b: All 0.7032 | Old 0.8641 | New 0.5424
2026-08-10 00:59:31.612 | INFO     | __main__:train:345 - Train Accuracies: All 0.6764 | Old 0.7985 | New 0.6153
2026-08-10 00:59:31.612 | INFO     | __main__:train:346 - Test Accuracies: All 0.7042 | Old 0.8627 | New 0.5471
2026-08-10 00:59:31.614 | INFO     | __main__:train:350 - model saved to /data/projects/clean_projects/hab/dev_outputs/HypSimGCD_cub/log/DIAG_PART_SIGNAL_E50R_(10.08.2026_|_40.913)/checkpoints/model.pt.
2026-08-10 00:59:31.614 | INFO     | __main__:train:372 - Exp Name: DIAG_PART_SIGNAL_E50R
2026-08-10 00:59:31.614 | INFO     | __main__:train:373 - Metrics with best (train all-acc) model: All: 0.6764 Old: 0.7985 New: 0.6153
2026-08-10 00:59:31.615 | INFO     | __main__:train:377 - model saved to /data/projects/clean_projects/hab/dev_outputs/HypSimGCD_cub/log/DIAG_PART_SIGNAL_E50R_(10.08.2026_|_40.913)/checkpoints/model_best_acc_all.pt.
2026-08-10 00:59:35.850 | INFO     | __main__:train:332 - Epoch: [17][0/46]	 loss 3.01657	 cls_loss: 0.0480 cluster_loss: 0.9872 distance sup_con_loss: 1.3920 distance contrastive_loss: 2.6542 angle sup_con_loss: 0.7047 angle contrastive_loss: 3.2705 patch_sup_con_loss: 0.0000 
2026-08-10 00:59:54.196 | INFO     | __main__:train:332 - Epoch: [17][10/46]	 loss 3.00723	 cls_loss: 0.0522 cluster_loss: 0.9898 distance sup_con_loss: 1.3881 distance contrastive_loss: 2.6690 angle sup_con_loss: 0.6482 angle contrastive_loss: 3.2786 patch_sup_con_loss: 0.0000 
2026-08-10 01:00:12.541 | INFO     | __main__:train:332 - Epoch: [17][20/46]	 loss 2.94911	 cls_loss: 0.0548 cluster_loss: 0.9437 distance sup_con_loss: 1.1230 distance contrastive_loss: 2.6458 angle sup_con_loss: 0.6148 angle contrastive_loss: 3.2638 patch_sup_con_loss: 0.0000 
2026-08-10 01:00:30.924 | INFO     | __main__:train:332 - Epoch: [17][30/46]	 loss 2.90277	 cls_loss: 0.0373 cluster_loss: 0.9186 distance sup_con_loss: 1.0164 distance contrastive_loss: 2.6361 angle sup_con_loss: 0.5783 angle contrastive_loss: 3.2498 patch_sup_con_loss: 0.0000 
2026-08-10 01:00:49.301 | INFO     | __main__:train:332 - Epoch: [17][40/46]	 loss 2.94812	 cls_loss: 0.0599 cluster_loss: 0.9988 distance sup_con_loss: 0.9870 distance contrastive_loss: 2.6825 angle sup_con_loss: 0.4815 angle contrastive_loss: 3.2740 patch_sup_con_loss: 0.0000 
[E017] pre  n=2901  conf 0.699(0.38/0.97) H=1.10 effK=   3.0 acc_H 0.663/0.784/0.602 dir_old 0.849
        pair inst=19266  pairs=573382    pos= 0.68% prec 0.509 base 0.0053 lift   96.8 rec 0.660 pconf 0.674/0.587
        gate thr=0.71 pass= 50.8% prec 0.690 pos= 0.78% | logit |z|max 0.97 std 0.17 L2 2.47 range 1.47
2026-08-10 01:00:58.439 | INFO     | __main__:train:334 - Train Epoch: 17 Avg Loss: 2.9793 
2026-08-10 01:00:58.440 | INFO     | __main__:train:340 - Testing on unlabelled examples in the training data...
2026-08-10 01:01:20.393 | INFO     | util.cluster_and_log_utils:log_accs_from_preds:226 - EVAL FUNCTION: <function split_cluster_acc_v2 at 0x7f4caaf4f670>, Epoch 17, Train ACC Unlabelled_v2: All 0.6688 | Old 0.7592 | New 0.6236
2026-08-10 01:01:20.406 | INFO     | util.cluster_and_log_utils:log_accs_from_preds:226 - EVAL FUNCTION: <function split_cluster_acc_v2_balanced at 0x7f4caaf4f700>, Epoch 17, Train ACC Unlabelled_v2b: All 0.6937 | Old 0.7639 | New 0.6235
2026-08-10 01:01:20.429 | INFO     | __main__:train:342 - Testing on disjoint test set...
2026-08-10 01:01:47.923 | INFO     | util.cluster_and_log_utils:log_accs_from_preds:226 - EVAL FUNCTION: <function split_cluster_acc_v2 at 0x7f4caaf4f670>, Epoch 17, Test ACC_v2: All 0.6940 | Old 0.8419 | New 0.5474
2026-08-10 01:01:47.932 | INFO     | util.cluster_and_log_utils:log_accs_from_preds:226 - EVAL FUNCTION: <function split_cluster_acc_v2_balanced at 0x7f4caaf4f700>, Epoch 17, Test ACC_v2b: All 0.6934 | Old 0.8394 | New 0.5475
2026-08-10 01:01:47.950 | INFO     | __main__:train:345 - Train Accuracies: All 0.6688 | Old 0.7592 | New 0.6236
2026-08-10 01:01:47.950 | INFO     | __main__:train:346 - Test Accuracies: All 0.6940 | Old 0.8419 | New 0.5474
2026-08-10 01:01:47.952 | INFO     | __main__:train:350 - model saved to /data/projects/clean_projects/hab/dev_outputs/HypSimGCD_cub/log/DIAG_PART_SIGNAL_E50R_(10.08.2026_|_40.913)/checkpoints/model.pt.
2026-08-10 01:01:52.211 | INFO     | __main__:train:332 - Epoch: [18][0/46]	 loss 3.05850	 cls_loss: 0.0544 cluster_loss: 0.9723 distance sup_con_loss: 1.6519 distance contrastive_loss: 2.6404 angle sup_con_loss: 0.8721 angle contrastive_loss: 3.2524 patch_sup_con_loss: 0.0000 
2026-08-10 01:02:10.564 | INFO     | __main__:train:332 - Epoch: [18][10/46]	 loss 3.01342	 cls_loss: 0.0580 cluster_loss: 0.9514 distance sup_con_loss: 1.5874 distance contrastive_loss: 2.6673 angle sup_con_loss: 0.7203 angle contrastive_loss: 3.2793 patch_sup_con_loss: 0.0000 
2026-08-10 01:02:28.916 | INFO     | __main__:train:332 - Epoch: [18][20/46]	 loss 2.96831	 cls_loss: 0.0511 cluster_loss: 0.9183 distance sup_con_loss: 1.4619 distance contrastive_loss: 2.6296 angle sup_con_loss: 0.7440 angle contrastive_loss: 3.2416 patch_sup_con_loss: 0.0000 
2026-08-10 01:02:47.287 | INFO     | __main__:train:332 - Epoch: [18][30/46]	 loss 2.92300	 cls_loss: 0.0508 cluster_loss: 0.8973 distance sup_con_loss: 1.4905 distance contrastive_loss: 2.5778 angle sup_con_loss: 0.6695 angle contrastive_loss: 3.2320 patch_sup_con_loss: 0.0000 
2026-08-10 01:03:05.664 | INFO     | __main__:train:332 - Epoch: [18][40/46]	 loss 2.96908	 cls_loss: 0.0638 cluster_loss: 0.9371 distance sup_con_loss: 1.3530 distance contrastive_loss: 2.6376 angle sup_con_loss: 0.6728 angle contrastive_loss: 3.2583 patch_sup_con_loss: 0.0000 
[E018] pre  n=2958  conf 0.706(0.40/0.97) H=1.15 effK=   3.1 acc_H 0.674/0.818/0.605 dir_old 0.855
        pair inst=19607  pairs=595619    pos= 0.69% prec 0.525 base 0.0059 lift   89.5 rec 0.614 pconf 0.692/0.605
        gate thr=0.71 pass= 53.3% prec 0.734 pos= 0.83% | logit |z|max 0.95 std 0.17 L2 2.40 range 1.42
2026-08-10 01:03:14.770 | INFO     | __main__:train:334 - Train Epoch: 18 Avg Loss: 2.9584 
2026-08-10 01:03:14.770 | INFO     | __main__:train:340 - Testing on unlabelled examples in the training data...
2026-08-10 01:03:36.538 | INFO     | util.cluster_and_log_utils:log_accs_from_preds:226 - EVAL FUNCTION: <function split_cluster_acc_v2 at 0x7f4caaf4f670>, Epoch 18, Train ACC Unlabelled_v2: All 0.6973 | Old 0.7765 | New 0.6577
2026-08-10 01:03:36.545 | INFO     | util.cluster_and_log_utils:log_accs_from_preds:226 - EVAL FUNCTION: <function split_cluster_acc_v2_balanced at 0x7f4caaf4f700>, Epoch 18, Train ACC Unlabelled_v2b: All 0.7193 | Old 0.7813 | New 0.6573
2026-08-10 01:03:36.561 | INFO     | __main__:train:342 - Testing on disjoint test set...
2026-08-10 01:04:03.991 | INFO     | util.cluster_and_log_utils:log_accs_from_preds:226 - EVAL FUNCTION: <function split_cluster_acc_v2 at 0x7f4caaf4f670>, Epoch 18, Test ACC_v2: All 0.7173 | Old 0.8835 | New 0.5526
2026-08-10 01:04:03.999 | INFO     | util.cluster_and_log_utils:log_accs_from_preds:226 - EVAL FUNCTION: <function split_cluster_acc_v2_balanced at 0x7f4caaf4f700>, Epoch 18, Test ACC_v2b: All 0.7188 | Old 0.8846 | New 0.5530
2026-08-10 01:04:04.017 | INFO     | __main__:train:345 - Train Accuracies: All 0.6973 | Old 0.7765 | New 0.6577
2026-08-10 01:04:04.017 | INFO     | __main__:train:346 - Test Accuracies: All 0.7173 | Old 0.8835 | New 0.5526
2026-08-10 01:04:04.019 | INFO     | __main__:train:350 - model saved to /data/projects/clean_projects/hab/dev_outputs/HypSimGCD_cub/log/DIAG_PART_SIGNAL_E50R_(10.08.2026_|_40.913)/checkpoints/model.pt.
2026-08-10 01:04:04.019 | INFO     | __main__:train:372 - Exp Name: DIAG_PART_SIGNAL_E50R
2026-08-10 01:04:04.019 | INFO     | __main__:train:373 - Metrics with best (train all-acc) model: All: 0.6973 Old: 0.7765 New: 0.6577
2026-08-10 01:04:04.020 | INFO     | __main__:train:377 - model saved to /data/projects/clean_projects/hab/dev_outputs/HypSimGCD_cub/log/DIAG_PART_SIGNAL_E50R_(10.08.2026_|_40.913)/checkpoints/model_best_acc_all.pt.
2026-08-10 01:04:08.207 | INFO     | __main__:train:332 - Epoch: [19][0/46]	 loss 2.97508	 cls_loss: 0.0414 cluster_loss: 0.9962 distance sup_con_loss: 1.2339 distance contrastive_loss: 2.6404 angle sup_con_loss: 0.6087 angle contrastive_loss: 3.2590 patch_sup_con_loss: 0.0000 
2026-08-10 01:04:26.494 | INFO     | __main__:train:332 - Epoch: [19][10/46]	 loss 2.97475	 cls_loss: 0.0700 cluster_loss: 0.9310 distance sup_con_loss: 1.5464 distance contrastive_loss: 2.6086 angle sup_con_loss: 0.7292 angle contrastive_loss: 3.2337 patch_sup_con_loss: 0.0000 
2026-08-10 01:04:44.837 | INFO     | __main__:train:332 - Epoch: [19][20/46]	 loss 2.96173	 cls_loss: 0.0513 cluster_loss: 0.9684 distance sup_con_loss: 1.1618 distance contrastive_loss: 2.6348 angle sup_con_loss: 0.6294 angle contrastive_loss: 3.2549 patch_sup_con_loss: 0.0000 
2026-08-10 01:05:03.195 | INFO     | __main__:train:332 - Epoch: [19][30/46]	 loss 2.87518	 cls_loss: 0.0488 cluster_loss: 0.9113 distance sup_con_loss: 1.0001 distance contrastive_loss: 2.6275 angle sup_con_loss: 0.5201 angle contrastive_loss: 3.2413 patch_sup_con_loss: 0.0000 
2026-08-10 01:05:21.543 | INFO     | __main__:train:332 - Epoch: [19][40/46]	 loss 2.83704	 cls_loss: 0.0527 cluster_loss: 0.8617 distance sup_con_loss: 0.9942 distance contrastive_loss: 2.6077 angle sup_con_loss: 0.5186 angle contrastive_loss: 3.2323 patch_sup_con_loss: 0.0000 
[E019] pre  n=2953  conf 0.709(0.39/0.97) H=1.11 effK=   3.0 acc_H 0.666/0.777/0.614 dir_old 0.845
        pair inst=19664  pairs=596761    pos= 0.71% prec 0.513 base 0.0057 lift   89.7 rec 0.635 pconf 0.690/0.599
        gate thr=0.70 pass= 55.0% prec 0.759 pos= 0.75% | logit |z|max 0.96 std 0.17 L2 2.42 range 1.44
2026-08-10 01:05:30.648 | INFO     | __main__:train:334 - Train Epoch: 19 Avg Loss: 2.9310 
2026-08-10 01:05:30.649 | INFO     | __main__:train:340 - Testing on unlabelled examples in the training data...
2026-08-10 01:05:52.461 | INFO     | util.cluster_and_log_utils:log_accs_from_preds:226 - EVAL FUNCTION: <function split_cluster_acc_v2 at 0x7f4caaf4f670>, Epoch 19, Train ACC Unlabelled_v2: All 0.6937 | Old 0.7892 | New 0.6460
2026-08-10 01:05:52.468 | INFO     | util.cluster_and_log_utils:log_accs_from_preds:226 - EVAL FUNCTION: <function split_cluster_acc_v2_balanced at 0x7f4caaf4f700>, Epoch 19, Train ACC Unlabelled_v2b: All 0.7191 | Old 0.7926 | New 0.6457
2026-08-10 01:05:52.485 | INFO     | __main__:train:342 - Testing on disjoint test set...
2026-08-10 01:06:19.943 | INFO     | util.cluster_and_log_utils:log_accs_from_preds:226 - EVAL FUNCTION: <function split_cluster_acc_v2 at 0x7f4caaf4f670>, Epoch 19, Test ACC_v2: All 0.7204 | Old 0.8707 | New 0.5715
2026-08-10 01:06:19.951 | INFO     | util.cluster_and_log_utils:log_accs_from_preds:226 - EVAL FUNCTION: <function split_cluster_acc_v2_balanced at 0x7f4caaf4f700>, Epoch 19, Test ACC_v2b: All 0.7207 | Old 0.8708 | New 0.5707
2026-08-10 01:06:19.969 | INFO     | __main__:train:345 - Train Accuracies: All 0.6937 | Old 0.7892 | New 0.6460
2026-08-10 01:06:19.969 | INFO     | __main__:train:346 - Test Accuracies: All 0.7204 | Old 0.8707 | New 0.5715
2026-08-10 01:06:19.971 | INFO     | __main__:train:350 - model saved to /data/projects/clean_projects/hab/dev_outputs/HypSimGCD_cub/log/DIAG_PART_SIGNAL_E50R_(10.08.2026_|_40.913)/checkpoints/model.pt.
2026-08-10 01:06:24.064 | INFO     | __main__:train:332 - Epoch: [20][0/46]	 loss 2.97749	 cls_loss: 0.0602 cluster_loss: 0.9760 distance sup_con_loss: 1.2310 distance contrastive_loss: 2.6149 angle sup_con_loss: 0.6770 angle contrastive_loss: 3.2424 patch_sup_con_loss: 0.0000 
2026-08-10 01:06:42.440 | INFO     | __main__:train:332 - Epoch: [20][10/46]	 loss 2.86919	 cls_loss: 0.0690 cluster_loss: 0.8519 distance sup_con_loss: 1.3734 distance contrastive_loss: 2.6056 angle sup_con_loss: 0.5903 angle contrastive_loss: 3.2284 patch_sup_con_loss: 0.0000 
2026-08-10 01:07:00.837 | INFO     | __main__:train:332 - Epoch: [20][20/46]	 loss 2.86816	 cls_loss: 0.0510 cluster_loss: 0.9259 distance sup_con_loss: 0.8535 distance contrastive_loss: 2.6127 angle sup_con_loss: 0.5078 angle contrastive_loss: 3.2311 patch_sup_con_loss: 0.0000 
2026-08-10 01:07:19.243 | INFO     | __main__:train:332 - Epoch: [20][30/46]	 loss 2.86903	 cls_loss: 0.0608 cluster_loss: 0.8781 distance sup_con_loss: 1.1783 distance contrastive_loss: 2.5866 angle sup_con_loss: 0.5650 angle contrastive_loss: 3.2320 patch_sup_con_loss: 0.0000 
2026-08-10 01:07:37.648 | INFO     | __main__:train:332 - Epoch: [20][40/46]	 loss 2.85375	 cls_loss: 0.0599 cluster_loss: 0.8755 distance sup_con_loss: 0.9630 distance contrastive_loss: 2.5900 angle sup_con_loss: 0.5410 angle contrastive_loss: 3.2352 patch_sup_con_loss: 0.0000 
[E020] pre  n=2938  conf 0.719(0.41/0.96) H=1.15 effK=   3.2 acc_H 0.697/0.831/0.627 dir_old 0.877
        pair inst=19547  pairs=589287    pos= 0.77% prec 0.564 base 0.0062 lift   90.9 rec 0.701 pconf 0.699/0.626
        gate thr=0.70 pass= 58.2% prec 0.755 pos= 0.92% | logit |z|max 0.92 std 0.16 L2 2.34 range 1.40
2026-08-10 01:07:46.752 | INFO     | __main__:train:334 - Train Epoch: 20 Avg Loss: 2.9307 
2026-08-10 01:07:46.753 | INFO     | __main__:train:340 - Testing on unlabelled examples in the training data...
2026-08-10 01:08:08.488 | INFO     | util.cluster_and_log_utils:log_accs_from_preds:226 - EVAL FUNCTION: <function split_cluster_acc_v2 at 0x7f4caaf4f670>, Epoch 20, Train ACC Unlabelled_v2: All 0.6835 | Old 0.7592 | New 0.6456
2026-08-10 01:08:08.495 | INFO     | util.cluster_and_log_utils:log_accs_from_preds:226 - EVAL FUNCTION: <function split_cluster_acc_v2_balanced at 0x7f4caaf4f700>, Epoch 20, Train ACC Unlabelled_v2b: All 0.7088 | Old 0.7722 | New 0.6453
2026-08-10 01:08:08.512 | INFO     | __main__:train:342 - Testing on disjoint test set...
2026-08-10 01:08:35.855 | INFO     | util.cluster_and_log_utils:log_accs_from_preds:226 - EVAL FUNCTION: <function split_cluster_acc_v2 at 0x7f4caaf4f670>, Epoch 20, Test ACC_v2: All 0.7111 | Old 0.8606 | New 0.5629
2026-08-10 01:08:35.863 | INFO     | util.cluster_and_log_utils:log_accs_from_preds:226 - EVAL FUNCTION: <function split_cluster_acc_v2_balanced at 0x7f4caaf4f700>, Epoch 20, Test ACC_v2b: All 0.7128 | Old 0.8608 | New 0.5648
2026-08-10 01:08:35.882 | INFO     | __main__:train:345 - Train Accuracies: All 0.6835 | Old 0.7592 | New 0.6456
2026-08-10 01:08:35.882 | INFO     | __main__:train:346 - Test Accuracies: All 0.7111 | Old 0.8606 | New 0.5629
2026-08-10 01:08:35.884 | INFO     | __main__:train:350 - model saved to /data/projects/clean_projects/hab/dev_outputs/HypSimGCD_cub/log/DIAG_PART_SIGNAL_E50R_(10.08.2026_|_40.913)/checkpoints/model.pt.
2026-08-10 01:08:40.091 | INFO     | __main__:train:332 - Epoch: [21][0/46]	 loss 2.82782	 cls_loss: 0.0996 cluster_loss: 0.8050 distance sup_con_loss: 0.9120 distance contrastive_loss: 2.6150 angle sup_con_loss: 0.5477 angle contrastive_loss: 3.2447 patch_sup_con_loss: 0.0000 
2026-08-10 01:08:58.351 | INFO     | __main__:train:332 - Epoch: [21][10/46]	 loss 2.96929	 cls_loss: 0.0441 cluster_loss: 0.9579 distance sup_con_loss: 1.2981 distance contrastive_loss: 2.6259 angle sup_con_loss: 0.7031 angle contrastive_loss: 3.2403 patch_sup_con_loss: 0.0000 
2026-08-10 01:09:16.629 | INFO     | __main__:train:332 - Epoch: [21][20/46]	 loss 2.93446	 cls_loss: 0.0499 cluster_loss: 0.8877 distance sup_con_loss: 1.2954 distance contrastive_loss: 2.6077 angle sup_con_loss: 0.7151 angle contrastive_loss: 3.2514 patch_sup_con_loss: 0.0000 
2026-08-10 01:09:34.913 | INFO     | __main__:train:332 - Epoch: [21][30/46]	 loss 2.86974	 cls_loss: 0.0709 cluster_loss: 0.9052 distance sup_con_loss: 0.9494 distance contrastive_loss: 2.5877 angle sup_con_loss: 0.5420 angle contrastive_loss: 3.2258 patch_sup_con_loss: 0.0000 
2026-08-10 01:09:53.210 | INFO     | __main__:train:332 - Epoch: [21][40/46]	 loss 2.85470	 cls_loss: 0.0629 cluster_loss: 0.8520 distance sup_con_loss: 1.1757 distance contrastive_loss: 2.5883 angle sup_con_loss: 0.5982 angle contrastive_loss: 3.2191 patch_sup_con_loss: 0.0000 
[E021] pre  n=2888  conf 0.724(0.41/0.96) H=1.15 effK=   3.2 acc_H 0.688/0.815/0.625 dir_old 0.863
        pair inst=19216  pairs=569283    pos= 0.76% prec 0.552 base 0.0058 lift   94.7 rec 0.724 pconf 0.720/0.640
        gate thr=0.70 pass= 59.6% prec 0.718 pos= 0.94% | logit |z|max 0.93 std 0.17 L2 2.35 range 1.40
2026-08-10 01:10:02.270 | INFO     | __main__:train:334 - Train Epoch: 21 Avg Loss: 2.9049 
2026-08-10 01:10:02.270 | INFO     | __main__:train:340 - Testing on unlabelled examples in the training data...
2026-08-10 01:10:24.010 | INFO     | util.cluster_and_log_utils:log_accs_from_preds:226 - EVAL FUNCTION: <function split_cluster_acc_v2 at 0x7f4caaf4f670>, Epoch 21, Train ACC Unlabelled_v2: All 0.6859 | Old 0.7839 | New 0.6370
2026-08-10 01:10:24.017 | INFO     | util.cluster_and_log_utils:log_accs_from_preds:226 - EVAL FUNCTION: <function split_cluster_acc_v2_balanced at 0x7f4caaf4f700>, Epoch 21, Train ACC Unlabelled_v2b: All 0.7116 | Old 0.7864 | New 0.6369
2026-08-10 01:10:24.034 | INFO     | __main__:train:342 - Testing on disjoint test set...
2026-08-10 01:10:51.376 | INFO     | util.cluster_and_log_utils:log_accs_from_preds:226 - EVAL FUNCTION: <function split_cluster_acc_v2 at 0x7f4caaf4f670>, Epoch 21, Test ACC_v2: All 0.7218 | Old 0.8540 | New 0.5907
2026-08-10 01:10:51.383 | INFO     | util.cluster_and_log_utils:log_accs_from_preds:226 - EVAL FUNCTION: <function split_cluster_acc_v2_balanced at 0x7f4caaf4f700>, Epoch 21, Test ACC_v2b: All 0.7204 | Old 0.8538 | New 0.5869
2026-08-10 01:10:51.403 | INFO     | __main__:train:345 - Train Accuracies: All 0.6859 | Old 0.7839 | New 0.6370
2026-08-10 01:10:51.403 | INFO     | __main__:train:346 - Test Accuracies: All 0.7218 | Old 0.8540 | New 0.5907
2026-08-10 01:10:51.405 | INFO     | __main__:train:350 - model saved to /data/projects/clean_projects/hab/dev_outputs/HypSimGCD_cub/log/DIAG_PART_SIGNAL_E50R_(10.08.2026_|_40.913)/checkpoints/model.pt.
2026-08-10 01:10:55.712 | INFO     | __main__:train:332 - Epoch: [22][0/46]	 loss 2.99359	 cls_loss: 0.0556 cluster_loss: 0.9639 distance sup_con_loss: 1.2801 distance contrastive_loss: 2.6057 angle sup_con_loss: 0.7677 angle contrastive_loss: 3.2395 patch_sup_con_loss: 0.0000 
2026-08-10 01:11:13.978 | INFO     | __main__:train:332 - Epoch: [22][10/46]	 loss 2.76143	 cls_loss: 0.0376 cluster_loss: 0.8268 distance sup_con_loss: 0.7315 distance contrastive_loss: 2.6307 angle sup_con_loss: 0.3997 angle contrastive_loss: 3.2350 patch_sup_con_loss: 0.0000 
2026-08-10 01:11:32.260 | INFO     | __main__:train:332 - Epoch: [22][20/46]	 loss 2.95665	 cls_loss: 0.0551 cluster_loss: 0.9323 distance sup_con_loss: 1.2860 distance contrastive_loss: 2.6062 angle sup_con_loss: 0.7137 angle contrastive_loss: 3.2399 patch_sup_con_loss: 0.0000 
2026-08-10 01:11:50.566 | INFO     | __main__:train:332 - Epoch: [22][30/46]	 loss 2.83910	 cls_loss: 0.0384 cluster_loss: 0.8697 distance sup_con_loss: 0.9280 distance contrastive_loss: 2.6006 angle sup_con_loss: 0.5455 angle contrastive_loss: 3.2327 patch_sup_con_loss: 0.0000 
2026-08-10 01:12:08.885 | INFO     | __main__:train:332 - Epoch: [22][40/46]	 loss 2.84677	 cls_loss: 0.0404 cluster_loss: 0.8955 distance sup_con_loss: 1.0283 distance contrastive_loss: 2.6078 angle sup_con_loss: 0.4937 angle contrastive_loss: 3.2357 patch_sup_con_loss: 0.0000 
[E022] pre  n=2995  conf 0.727(0.43/0.96) H=1.15 effK=   3.2 acc_H 0.702/0.838/0.631 dir_old 0.865
        pair inst=19924  pairs=612910    pos= 0.74% prec 0.567 base 0.0059 lift   96.6 rec 0.717 pconf 0.718/0.642
        gate thr=0.69 pass= 61.1% prec 0.713 pos= 0.84% | logit |z|max 0.92 std 0.16 L2 2.32 range 1.40
2026-08-10 01:12:17.972 | INFO     | __main__:train:334 - Train Epoch: 22 Avg Loss: 2.8913 
2026-08-10 01:12:17.973 | INFO     | __main__:train:340 - Testing on unlabelled examples in the training data...
2026-08-10 01:12:39.770 | INFO     | util.cluster_and_log_utils:log_accs_from_preds:226 - EVAL FUNCTION: <function split_cluster_acc_v2 at 0x7f4caaf4f670>, Epoch 22, Train ACC Unlabelled_v2: All 0.6915 | Old 0.7738 | New 0.6503
2026-08-10 01:12:39.777 | INFO     | util.cluster_and_log_utils:log_accs_from_preds:226 - EVAL FUNCTION: <function split_cluster_acc_v2_balanced at 0x7f4caaf4f700>, Epoch 22, Train ACC Unlabelled_v2b: All 0.7152 | Old 0.7801 | New 0.6504
2026-08-10 01:12:39.793 | INFO     | __main__:train:342 - Testing on disjoint test set...
2026-08-10 01:13:07.231 | INFO     | util.cluster_and_log_utils:log_accs_from_preds:226 - EVAL FUNCTION: <function split_cluster_acc_v2 at 0x7f4caaf4f670>, Epoch 22, Test ACC_v2: All 0.7190 | Old 0.8603 | New 0.5790
2026-08-10 01:13:07.239 | INFO     | util.cluster_and_log_utils:log_accs_from_preds:226 - EVAL FUNCTION: <function split_cluster_acc_v2_balanced at 0x7f4caaf4f700>, Epoch 22, Test ACC_v2b: All 0.7194 | Old 0.8609 | New 0.5780
2026-08-10 01:13:07.257 | INFO     | __main__:train:345 - Train Accuracies: All 0.6915 | Old 0.7738 | New 0.6503
2026-08-10 01:13:07.257 | INFO     | __main__:train:346 - Test Accuracies: All 0.7190 | Old 0.8603 | New 0.5790
2026-08-10 01:13:07.259 | INFO     | __main__:train:350 - model saved to /data/projects/clean_projects/hab/dev_outputs/HypSimGCD_cub/log/DIAG_PART_SIGNAL_E50R_(10.08.2026_|_40.913)/checkpoints/model.pt.
2026-08-10 01:13:11.506 | INFO     | __main__:train:332 - Epoch: [23][0/46]	 loss 3.04598	 cls_loss: 0.0606 cluster_loss: 0.9670 distance sup_con_loss: 1.6522 distance contrastive_loss: 2.6007 angle sup_con_loss: 0.8857 angle contrastive_loss: 3.2363 patch_sup_con_loss: 0.0000 
2026-08-10 01:13:29.850 | INFO     | __main__:train:332 - Epoch: [23][10/46]	 loss 2.92595	 cls_loss: 0.0663 cluster_loss: 0.9709 distance sup_con_loss: 1.0182 distance contrastive_loss: 2.6384 angle sup_con_loss: 0.5201 angle contrastive_loss: 3.2568 patch_sup_con_loss: 0.0000 
2026-08-10 01:13:48.208 | INFO     | __main__:train:332 - Epoch: [23][20/46]	 loss 3.01288	 cls_loss: 0.0371 cluster_loss: 0.9602 distance sup_con_loss: 1.4355 distance contrastive_loss: 2.6358 angle sup_con_loss: 0.8077 angle contrastive_loss: 3.2537 patch_sup_con_loss: 0.0000 
2026-08-10 01:14:06.576 | INFO     | __main__:train:332 - Epoch: [23][30/46]	 loss 2.78831	 cls_loss: 0.0577 cluster_loss: 0.8308 distance sup_con_loss: 0.9383 distance contrastive_loss: 2.5675 angle sup_con_loss: 0.4697 angle contrastive_loss: 3.2234 patch_sup_con_loss: 0.0000 
2026-08-10 01:14:24.969 | INFO     | __main__:train:332 - Epoch: [23][40/46]	 loss 2.90834	 cls_loss: 0.0497 cluster_loss: 0.9337 distance sup_con_loss: 1.1335 distance contrastive_loss: 2.6036 angle sup_con_loss: 0.5959 angle contrastive_loss: 3.2340 patch_sup_con_loss: 0.0000 
[E023] pre  n=2890  conf 0.731(0.43/0.96) H=1.16 effK=   3.2 acc_H 0.702/0.805/0.647 dir_old 0.845
        pair inst=19207  pairs=568351    pos= 0.71% prec 0.555 base 0.0056 lift   98.2 rec 0.695 pconf 0.720/0.639
        gate thr=0.68 pass= 62.0% prec 0.723 pos= 0.81% | logit |z|max 0.91 std 0.16 L2 2.30 range 1.37
2026-08-10 01:14:34.083 | INFO     | __main__:train:334 - Train Epoch: 23 Avg Loss: 2.9048 
2026-08-10 01:14:34.083 | INFO     | __main__:train:340 - Testing on unlabelled examples in the training data...
2026-08-10 01:14:55.859 | INFO     | util.cluster_and_log_utils:log_accs_from_preds:226 - EVAL FUNCTION: <function split_cluster_acc_v2 at 0x7f4caaf4f670>, Epoch 23, Train ACC Unlabelled_v2: All 0.6919 | Old 0.7839 | New 0.6460
2026-08-10 01:14:55.866 | INFO     | util.cluster_and_log_utils:log_accs_from_preds:226 - EVAL FUNCTION: <function split_cluster_acc_v2_balanced at 0x7f4caaf4f700>, Epoch 23, Train ACC Unlabelled_v2b: All 0.7186 | Old 0.7910 | New 0.6462
2026-08-10 01:14:55.883 | INFO     | __main__:train:342 - Testing on disjoint test set...
2026-08-10 01:15:23.338 | INFO     | util.cluster_and_log_utils:log_accs_from_preds:226 - EVAL FUNCTION: <function split_cluster_acc_v2 at 0x7f4caaf4f670>, Epoch 23, Test ACC_v2: All 0.7216 | Old 0.8495 | New 0.5948
2026-08-10 01:15:23.346 | INFO     | util.cluster_and_log_utils:log_accs_from_preds:226 - EVAL FUNCTION: <function split_cluster_acc_v2_balanced at 0x7f4caaf4f700>, Epoch 23, Test ACC_v2b: All 0.7200 | Old 0.8506 | New 0.5894
2026-08-10 01:15:23.365 | INFO     | __main__:train:345 - Train Accuracies: All 0.6919 | Old 0.7839 | New 0.6460
2026-08-10 01:15:23.366 | INFO     | __main__:train:346 - Test Accuracies: All 0.7216 | Old 0.8495 | New 0.5948
2026-08-10 01:15:23.368 | INFO     | __main__:train:350 - model saved to /data/projects/clean_projects/hab/dev_outputs/HypSimGCD_cub/log/DIAG_PART_SIGNAL_E50R_(10.08.2026_|_40.913)/checkpoints/model.pt.
2026-08-10 01:15:27.699 | INFO     | __main__:train:332 - Epoch: [24][0/46]	 loss 2.84145	 cls_loss: 0.0423 cluster_loss: 0.8858 distance sup_con_loss: 0.9879 distance contrastive_loss: 2.5825 angle sup_con_loss: 0.5452 angle contrastive_loss: 3.2191 patch_sup_con_loss: 0.0000 
2026-08-10 01:15:45.982 | INFO     | __main__:train:332 - Epoch: [24][10/46]	 loss 3.13713	 cls_loss: 0.0505 cluster_loss: 1.0367 distance sup_con_loss: 1.6789 distance contrastive_loss: 2.6381 angle sup_con_loss: 0.9949 angle contrastive_loss: 3.2582 patch_sup_con_loss: 0.0000 
2026-08-10 01:16:04.282 | INFO     | __main__:train:332 - Epoch: [24][20/46]	 loss 2.92971	 cls_loss: 0.0595 cluster_loss: 0.9122 distance sup_con_loss: 1.1558 distance contrastive_loss: 2.5949 angle sup_con_loss: 0.6965 angle contrastive_loss: 3.2374 patch_sup_con_loss: 0.0000 
2026-08-10 01:16:22.579 | INFO     | __main__:train:332 - Epoch: [24][30/46]	 loss 2.96056	 cls_loss: 0.0517 cluster_loss: 0.9365 distance sup_con_loss: 1.2137 distance contrastive_loss: 2.6219 angle sup_con_loss: 0.7465 angle contrastive_loss: 3.2334 patch_sup_con_loss: 0.0000 
2026-08-10 01:16:40.887 | INFO     | __main__:train:332 - Epoch: [24][40/46]	 loss 2.92479	 cls_loss: 0.0503 cluster_loss: 0.9113 distance sup_con_loss: 1.2696 distance contrastive_loss: 2.5844 angle sup_con_loss: 0.7150 angle contrastive_loss: 3.2182 patch_sup_con_loss: 0.0000 
[E024] pre  n=2918  conf 0.730(0.42/0.96) H=1.16 effK=   3.2 acc_H 0.685/0.781/0.636 dir_old 0.838
        pair inst=19335  pairs=577525    pos= 0.72% prec 0.555 base 0.0056 lift   98.6 rec 0.709 pconf 0.735/0.658
        gate thr=0.68 pass= 63.5% prec 0.711 pos= 0.85% | logit |z|max 0.91 std 0.16 L2 2.28 range 1.37
2026-08-10 01:16:49.991 | INFO     | __main__:train:334 - Train Epoch: 24 Avg Loss: 2.8989 
2026-08-10 01:16:49.992 | INFO     | __main__:train:340 - Testing on unlabelled examples in the training data...
2026-08-10 01:17:11.754 | INFO     | util.cluster_and_log_utils:log_accs_from_preds:226 - EVAL FUNCTION: <function split_cluster_acc_v2 at 0x7f4caaf4f670>, Epoch 24, Train ACC Unlabelled_v2: All 0.6977 | Old 0.7638 | New 0.6647
2026-08-10 01:17:11.761 | INFO     | util.cluster_and_log_utils:log_accs_from_preds:226 - EVAL FUNCTION: <function split_cluster_acc_v2_balanced at 0x7f4caaf4f700>, Epoch 24, Train ACC Unlabelled_v2b: All 0.7174 | Old 0.7702 | New 0.6645
2026-08-10 01:17:11.778 | INFO     | __main__:train:342 - Testing on disjoint test set...
2026-08-10 01:17:39.194 | INFO     | util.cluster_and_log_utils:log_accs_from_preds:226 - EVAL FUNCTION: <function split_cluster_acc_v2 at 0x7f4caaf4f670>, Epoch 24, Test ACC_v2: All 0.7209 | Old 0.8447 | New 0.5983
2026-08-10 01:17:39.201 | INFO     | util.cluster_and_log_utils:log_accs_from_preds:226 - EVAL FUNCTION: <function split_cluster_acc_v2_balanced at 0x7f4caaf4f700>, Epoch 24, Test ACC_v2b: All 0.7204 | Old 0.8448 | New 0.5960
2026-08-10 01:17:39.219 | INFO     | __main__:train:345 - Train Accuracies: All 0.6977 | Old 0.7638 | New 0.6647
2026-08-10 01:17:39.220 | INFO     | __main__:train:346 - Test Accuracies: All 0.7209 | Old 0.8447 | New 0.5983
2026-08-10 01:17:39.221 | INFO     | __main__:train:350 - model saved to /data/projects/clean_projects/hab/dev_outputs/HypSimGCD_cub/log/DIAG_PART_SIGNAL_E50R_(10.08.2026_|_40.913)/checkpoints/model.pt.
2026-08-10 01:17:39.221 | INFO     | __main__:train:372 - Exp Name: DIAG_PART_SIGNAL_E50R
2026-08-10 01:17:39.222 | INFO     | __main__:train:373 - Metrics with best (train all-acc) model: All: 0.6977 Old: 0.7638 New: 0.6647
2026-08-10 01:17:39.223 | INFO     | __main__:train:377 - model saved to /data/projects/clean_projects/hab/dev_outputs/HypSimGCD_cub/log/DIAG_PART_SIGNAL_E50R_(10.08.2026_|_40.913)/checkpoints/model_best_acc_all.pt.
2026-08-10 01:17:43.432 | INFO     | __main__:train:332 - Epoch: [25][0/46]	 loss 2.80673	 cls_loss: 0.0386 cluster_loss: 0.8933 distance sup_con_loss: 0.7131 distance contrastive_loss: 2.6052 angle sup_con_loss: 0.4017 angle contrastive_loss: 3.2496 patch_sup_con_loss: 0.0000 
2026-08-10 01:18:01.733 | INFO     | __main__:train:332 - Epoch: [25][10/46]	 loss 2.75029	 cls_loss: 0.0330 cluster_loss: 0.8082 distance sup_con_loss: 0.8391 distance contrastive_loss: 2.5837 angle sup_con_loss: 0.4604 angle contrastive_loss: 3.2126 patch_sup_con_loss: 0.0000 
2026-08-10 01:18:20.043 | INFO     | __main__:train:332 - Epoch: [25][20/46]	 loss 2.78362	 cls_loss: 0.0357 cluster_loss: 0.8158 distance sup_con_loss: 0.8909 distance contrastive_loss: 2.6068 angle sup_con_loss: 0.5159 angle contrastive_loss: 3.2236 patch_sup_con_loss: 0.0000 
2026-08-10 01:18:38.395 | INFO     | __main__:train:332 - Epoch: [25][30/46]	 loss 2.85133	 cls_loss: 0.0565 cluster_loss: 0.8404 distance sup_con_loss: 1.1271 distance contrastive_loss: 2.5930 angle sup_con_loss: 0.6408 angle contrastive_loss: 3.2180 patch_sup_con_loss: 0.0000 
2026-08-10 01:18:56.754 | INFO     | __main__:train:332 - Epoch: [25][40/46]	 loss 2.96764	 cls_loss: 0.0535 cluster_loss: 0.9470 distance sup_con_loss: 1.1977 distance contrastive_loss: 2.6089 angle sup_con_loss: 0.7353 angle contrastive_loss: 3.2441 patch_sup_con_loss: 0.0000 
[E025] pre  n=2999  conf 0.740(0.44/0.96) H=1.12 effK=   3.1 acc_H 0.699/0.781/0.659 dir_old 0.831
        pair inst=19915  pairs=611073    pos= 0.72% prec 0.538 base 0.0056 lift   96.1 rec 0.696 pconf 0.731/0.652
        gate thr=0.68 pass= 65.6% prec 0.712 pos= 0.79% | logit |z|max 0.93 std 0.16 L2 2.30 range 1.39
2026-08-10 01:19:05.860 | INFO     | __main__:train:334 - Train Epoch: 25 Avg Loss: 2.8587 
2026-08-10 01:19:05.861 | INFO     | __main__:train:340 - Testing on unlabelled examples in the training data...
2026-08-10 01:19:27.681 | INFO     | util.cluster_and_log_utils:log_accs_from_preds:226 - EVAL FUNCTION: <function split_cluster_acc_v2 at 0x7f4caaf4f670>, Epoch 25, Train ACC Unlabelled_v2: All 0.6897 | Old 0.7785 | New 0.6453
2026-08-10 01:19:27.688 | INFO     | util.cluster_and_log_utils:log_accs_from_preds:226 - EVAL FUNCTION: <function split_cluster_acc_v2_balanced at 0x7f4caaf4f700>, Epoch 25, Train ACC Unlabelled_v2b: All 0.7141 | Old 0.7828 | New 0.6454
2026-08-10 01:19:27.705 | INFO     | __main__:train:342 - Testing on disjoint test set...
2026-08-10 01:19:55.221 | INFO     | util.cluster_and_log_utils:log_accs_from_preds:226 - EVAL FUNCTION: <function split_cluster_acc_v2 at 0x7f4caaf4f670>, Epoch 25, Test ACC_v2: All 0.7226 | Old 0.8519 | New 0.5945
2026-08-10 01:19:55.228 | INFO     | util.cluster_and_log_utils:log_accs_from_preds:226 - EVAL FUNCTION: <function split_cluster_acc_v2_balanced at 0x7f4caaf4f700>, Epoch 25, Test ACC_v2b: All 0.7221 | Old 0.8531 | New 0.5911
2026-08-10 01:19:55.245 | INFO     | __main__:train:345 - Train Accuracies: All 0.6897 | Old 0.7785 | New 0.6453
2026-08-10 01:19:55.246 | INFO     | __main__:train:346 - Test Accuracies: All 0.7226 | Old 0.8519 | New 0.5945
2026-08-10 01:19:55.247 | INFO     | __main__:train:350 - model saved to /data/projects/clean_projects/hab/dev_outputs/HypSimGCD_cub/log/DIAG_PART_SIGNAL_E50R_(10.08.2026_|_40.913)/checkpoints/model.pt.
2026-08-10 01:19:59.453 | INFO     | __main__:train:332 - Epoch: [26][0/46]	 loss 2.76618	 cls_loss: 0.0390 cluster_loss: 0.7805 distance sup_con_loss: 1.0503 distance contrastive_loss: 2.5572 angle sup_con_loss: 0.5452 angle contrastive_loss: 3.2123 patch_sup_con_loss: 0.0000 
2026-08-10 01:20:17.799 | INFO     | __main__:train:332 - Epoch: [26][10/46]	 loss 2.79404	 cls_loss: 0.0433 cluster_loss: 0.7934 distance sup_con_loss: 1.0206 distance contrastive_loss: 2.5747 angle sup_con_loss: 0.5911 angle contrastive_loss: 3.2194 patch_sup_con_loss: 0.0000 
2026-08-10 01:20:36.153 | INFO     | __main__:train:332 - Epoch: [26][20/46]	 loss 2.86620	 cls_loss: 0.0542 cluster_loss: 0.9187 distance sup_con_loss: 0.9403 distance contrastive_loss: 2.6049 angle sup_con_loss: 0.5136 angle contrastive_loss: 3.2398 patch_sup_con_loss: 0.0000 
2026-08-10 01:20:54.533 | INFO     | __main__:train:332 - Epoch: [26][30/46]	 loss 3.05585	 cls_loss: 0.0332 cluster_loss: 0.9829 distance sup_con_loss: 1.4909 distance contrastive_loss: 2.6282 angle sup_con_loss: 0.9053 angle contrastive_loss: 3.2551 patch_sup_con_loss: 0.0000 
2026-08-10 01:21:12.888 | INFO     | __main__:train:332 - Epoch: [26][40/46]	 loss 2.77114	 cls_loss: 0.0356 cluster_loss: 0.8169 distance sup_con_loss: 0.8064 distance contrastive_loss: 2.5447 angle sup_con_loss: 0.5443 angle contrastive_loss: 3.2042 patch_sup_con_loss: 0.0000 
[E026] pre  n=2959  conf 0.745(0.45/0.97) H=1.12 effK=   3.1 acc_H 0.707/0.832/0.642 dir_old 0.865
        pair inst=19669  pairs=596791    pos= 0.70% prec 0.544 base 0.0054 lift  100.6 rec 0.709 pconf 0.730/0.655
        gate thr=0.67 pass= 67.5% prec 0.641 pos= 0.76% | logit |z|max 0.92 std 0.16 L2 2.26 range 1.36
2026-08-10 01:21:21.978 | INFO     | __main__:train:334 - Train Epoch: 26 Avg Loss: 2.8732 
2026-08-10 01:21:21.979 | INFO     | __main__:train:340 - Testing on unlabelled examples in the training data...
2026-08-10 01:21:43.784 | INFO     | util.cluster_and_log_utils:log_accs_from_preds:226 - EVAL FUNCTION: <function split_cluster_acc_v2 at 0x7f4caaf4f670>, Epoch 26, Train ACC Unlabelled_v2: All 0.7131 | Old 0.8065 | New 0.6663
2026-08-10 01:21:43.791 | INFO     | util.cluster_and_log_utils:log_accs_from_preds:226 - EVAL FUNCTION: <function split_cluster_acc_v2_balanced at 0x7f4caaf4f700>, Epoch 26, Train ACC Unlabelled_v2b: All 0.7385 | Old 0.8105 | New 0.6664
2026-08-10 01:21:43.808 | INFO     | __main__:train:342 - Testing on disjoint test set...
2026-08-10 01:22:11.190 | INFO     | util.cluster_and_log_utils:log_accs_from_preds:226 - EVAL FUNCTION: <function split_cluster_acc_v2 at 0x7f4caaf4f670>, Epoch 26, Test ACC_v2: All 0.7440 | Old 0.8613 | New 0.6278
2026-08-10 01:22:11.197 | INFO     | util.cluster_and_log_utils:log_accs_from_preds:226 - EVAL FUNCTION: <function split_cluster_acc_v2_balanced at 0x7f4caaf4f700>, Epoch 26, Test ACC_v2b: All 0.7420 | Old 0.8612 | New 0.6227
2026-08-10 01:22:11.215 | INFO     | __main__:train:345 - Train Accuracies: All 0.7131 | Old 0.8065 | New 0.6663
2026-08-10 01:22:11.215 | INFO     | __main__:train:346 - Test Accuracies: All 0.7440 | Old 0.8613 | New 0.6278
2026-08-10 01:22:11.217 | INFO     | __main__:train:350 - model saved to /data/projects/clean_projects/hab/dev_outputs/HypSimGCD_cub/log/DIAG_PART_SIGNAL_E50R_(10.08.2026_|_40.913)/checkpoints/model.pt.
2026-08-10 01:22:11.217 | INFO     | __main__:train:372 - Exp Name: DIAG_PART_SIGNAL_E50R
2026-08-10 01:22:11.217 | INFO     | __main__:train:373 - Metrics with best (train all-acc) model: All: 0.7131 Old: 0.8065 New: 0.6663
2026-08-10 01:22:11.218 | INFO     | __main__:train:377 - model saved to /data/projects/clean_projects/hab/dev_outputs/HypSimGCD_cub/log/DIAG_PART_SIGNAL_E50R_(10.08.2026_|_40.913)/checkpoints/model_best_acc_all.pt.
2026-08-10 01:22:15.383 | INFO     | __main__:train:332 - Epoch: [27][0/46]	 loss 2.91560	 cls_loss: 0.0523 cluster_loss: 0.8946 distance sup_con_loss: 1.1884 distance contrastive_loss: 2.6165 angle sup_con_loss: 0.6875 angle contrastive_loss: 3.2424 patch_sup_con_loss: 0.0000 
2026-08-10 01:22:33.707 | INFO     | __main__:train:332 - Epoch: [27][10/46]	 loss 2.79681	 cls_loss: 0.0486 cluster_loss: 0.8460 distance sup_con_loss: 0.7939 distance contrastive_loss: 2.6238 angle sup_con_loss: 0.4611 angle contrastive_loss: 3.2440 patch_sup_con_loss: 0.0000 
2026-08-10 01:22:52.060 | INFO     | __main__:train:332 - Epoch: [27][20/46]	 loss 2.79251	 cls_loss: 0.0382 cluster_loss: 0.8365 distance sup_con_loss: 0.9173 distance contrastive_loss: 2.5707 angle sup_con_loss: 0.4960 angle contrastive_loss: 3.2330 patch_sup_con_loss: 0.0000 
2026-08-10 01:23:10.402 | INFO     | __main__:train:332 - Epoch: [27][30/46]	 loss 2.76635	 cls_loss: 0.0663 cluster_loss: 0.7929 distance sup_con_loss: 0.8448 distance contrastive_loss: 2.5608 angle sup_con_loss: 0.5125 angle contrastive_loss: 3.2184 patch_sup_con_loss: 0.0000 
2026-08-10 01:23:28.751 | INFO     | __main__:train:332 - Epoch: [27][40/46]	 loss 2.80044	 cls_loss: 0.0546 cluster_loss: 0.8530 distance sup_con_loss: 0.7726 distance contrastive_loss: 2.5693 angle sup_con_loss: 0.5111 angle contrastive_loss: 3.2225 patch_sup_con_loss: 0.0000 
[E027] pre  n=2912  conf 0.739(0.43/0.96) H=1.14 effK=   3.1 acc_H 0.710/0.783/0.675 dir_old 0.818
        pair inst=19357  pairs=577697    pos= 0.77% prec 0.555 base 0.0058 lift   96.2 rec 0.742 pconf 0.732/0.657
        gate thr=0.66 pass= 66.8% prec 0.670 pos= 0.85% | logit |z|max 0.92 std 0.16 L2 2.27 range 1.37
2026-08-10 01:23:37.872 | INFO     | __main__:train:334 - Train Epoch: 27 Avg Loss: 2.8422 
2026-08-10 01:23:37.872 | INFO     | __main__:train:340 - Testing on unlabelled examples in the training data...
2026-08-10 01:23:59.690 | INFO     | util.cluster_and_log_utils:log_accs_from_preds:226 - EVAL FUNCTION: <function split_cluster_acc_v2 at 0x7f4caaf4f670>, Epoch 27, Train ACC Unlabelled_v2: All 0.7189 | Old 0.8052 | New 0.6757
2026-08-10 01:23:59.697 | INFO     | util.cluster_and_log_utils:log_accs_from_preds:226 - EVAL FUNCTION: <function split_cluster_acc_v2_balanced at 0x7f4caaf4f700>, Epoch 27, Train ACC Unlabelled_v2b: All 0.7424 | Old 0.8090 | New 0.6757
2026-08-10 01:23:59.712 | INFO     | __main__:train:342 - Testing on disjoint test set...
2026-08-10 01:24:27.144 | INFO     | util.cluster_and_log_utils:log_accs_from_preds:226 - EVAL FUNCTION: <function split_cluster_acc_v2 at 0x7f4caaf4f670>, Epoch 27, Test ACC_v2: All 0.7458 | Old 0.8440 | New 0.6485
2026-08-10 01:24:27.159 | INFO     | util.cluster_and_log_utils:log_accs_from_preds:226 - EVAL FUNCTION: <function split_cluster_acc_v2_balanced at 0x7f4caaf4f700>, Epoch 27, Test ACC_v2b: All 0.7443 | Old 0.8453 | New 0.6434
2026-08-10 01:24:27.186 | INFO     | __main__:train:345 - Train Accuracies: All 0.7189 | Old 0.8052 | New 0.6757
2026-08-10 01:24:27.186 | INFO     | __main__:train:346 - Test Accuracies: All 0.7458 | Old 0.8440 | New 0.6485
2026-08-10 01:24:27.188 | INFO     | __main__:train:350 - model saved to /data/projects/clean_projects/hab/dev_outputs/HypSimGCD_cub/log/DIAG_PART_SIGNAL_E50R_(10.08.2026_|_40.913)/checkpoints/model.pt.
2026-08-10 01:24:27.189 | INFO     | __main__:train:372 - Exp Name: DIAG_PART_SIGNAL_E50R
2026-08-10 01:24:27.189 | INFO     | __main__:train:373 - Metrics with best (train all-acc) model: All: 0.7189 Old: 0.8052 New: 0.6757
2026-08-10 01:24:27.191 | INFO     | __main__:train:377 - model saved to /data/projects/clean_projects/hab/dev_outputs/HypSimGCD_cub/log/DIAG_PART_SIGNAL_E50R_(10.08.2026_|_40.913)/checkpoints/model_best_acc_all.pt.
2026-08-10 01:24:31.330 | INFO     | __main__:train:332 - Epoch: [28][0/46]	 loss 2.88416	 cls_loss: 0.0490 cluster_loss: 0.8544 distance sup_con_loss: 1.1813 distance contrastive_loss: 2.5698 angle sup_con_loss: 0.7268 angle contrastive_loss: 3.2245 patch_sup_con_loss: 0.0000 
2026-08-10 01:24:49.684 | INFO     | __main__:train:332 - Epoch: [28][10/46]	 loss 2.85318	 cls_loss: 0.0454 cluster_loss: 0.8579 distance sup_con_loss: 1.0803 distance contrastive_loss: 2.5562 angle sup_con_loss: 0.6576 angle contrastive_loss: 3.2157 patch_sup_con_loss: 0.0000 
2026-08-10 01:25:08.050 | INFO     | __main__:train:332 - Epoch: [28][20/46]	 loss 2.90527	 cls_loss: 0.0398 cluster_loss: 0.8950 distance sup_con_loss: 1.1591 distance contrastive_loss: 2.5896 angle sup_con_loss: 0.6905 angle contrastive_loss: 3.2390 patch_sup_con_loss: 0.0000 
2026-08-10 01:25:26.416 | INFO     | __main__:train:332 - Epoch: [28][30/46]	 loss 2.82125	 cls_loss: 0.0628 cluster_loss: 0.8485 distance sup_con_loss: 0.9868 distance contrastive_loss: 2.5710 angle sup_con_loss: 0.5576 angle contrastive_loss: 3.2181 patch_sup_con_loss: 0.0000 
2026-08-10 01:25:44.809 | INFO     | __main__:train:332 - Epoch: [28][40/46]	 loss 2.75331	 cls_loss: 0.0562 cluster_loss: 0.8016 distance sup_con_loss: 0.8035 distance contrastive_loss: 2.5754 angle sup_con_loss: 0.4743 angle contrastive_loss: 3.2158 patch_sup_con_loss: 0.0000 
[E028] pre  n=2926  conf 0.748(0.44/0.97) H=1.14 effK=   3.1 acc_H 0.732/0.828/0.683 dir_old 0.856
        pair inst=19480  pairs=585321    pos= 0.73% prec 0.572 base 0.0058 lift   98.9 rec 0.726 pconf 0.734/0.663
        gate thr=0.66 pass= 69.3% prec 0.723 pos= 0.80% | logit |z|max 0.91 std 0.16 L2 2.24 range 1.35
2026-08-10 01:25:53.935 | INFO     | __main__:train:334 - Train Epoch: 28 Avg Loss: 2.8650 
2026-08-10 01:25:53.935 | INFO     | __main__:train:340 - Testing on unlabelled examples in the training data...
2026-08-10 01:26:15.781 | INFO     | util.cluster_and_log_utils:log_accs_from_preds:226 - EVAL FUNCTION: <function split_cluster_acc_v2 at 0x7f4caaf4f670>, Epoch 28, Train ACC Unlabelled_v2: All 0.7291 | Old 0.8145 | New 0.6864
2026-08-10 01:26:15.788 | INFO     | util.cluster_and_log_utils:log_accs_from_preds:226 - EVAL FUNCTION: <function split_cluster_acc_v2_balanced at 0x7f4caaf4f700>, Epoch 28, Train ACC Unlabelled_v2b: All 0.7526 | Old 0.8189 | New 0.6863
2026-08-10 01:26:15.804 | INFO     | __main__:train:342 - Testing on disjoint test set...
2026-08-10 01:26:43.288 | INFO     | util.cluster_and_log_utils:log_accs_from_preds:226 - EVAL FUNCTION: <function split_cluster_acc_v2 at 0x7f4caaf4f670>, Epoch 28, Test ACC_v2: All 0.7463 | Old 0.8450 | New 0.6485
2026-08-10 01:26:43.296 | INFO     | util.cluster_and_log_utils:log_accs_from_preds:226 - EVAL FUNCTION: <function split_cluster_acc_v2_balanced at 0x7f4caaf4f700>, Epoch 28, Test ACC_v2b: All 0.7459 | Old 0.8448 | New 0.6471
2026-08-10 01:26:43.314 | INFO     | __main__:train:345 - Train Accuracies: All 0.7291 | Old 0.8145 | New 0.6864
2026-08-10 01:26:43.315 | INFO     | __main__:train:346 - Test Accuracies: All 0.7463 | Old 0.8450 | New 0.6485
2026-08-10 01:26:43.316 | INFO     | __main__:train:350 - model saved to /data/projects/clean_projects/hab/dev_outputs/HypSimGCD_cub/log/DIAG_PART_SIGNAL_E50R_(10.08.2026_|_40.913)/checkpoints/model.pt.
2026-08-10 01:26:43.317 | INFO     | __main__:train:372 - Exp Name: DIAG_PART_SIGNAL_E50R
2026-08-10 01:26:43.317 | INFO     | __main__:train:373 - Metrics with best (train all-acc) model: All: 0.7291 Old: 0.8145 New: 0.6864
2026-08-10 01:26:43.318 | INFO     | __main__:train:377 - model saved to /data/projects/clean_projects/hab/dev_outputs/HypSimGCD_cub/log/DIAG_PART_SIGNAL_E50R_(10.08.2026_|_40.913)/checkpoints/model_best_acc_all.pt.
2026-08-10 01:26:47.468 | INFO     | __main__:train:332 - Epoch: [29][0/46]	 loss 2.83235	 cls_loss: 0.0421 cluster_loss: 0.8345 distance sup_con_loss: 1.0405 distance contrastive_loss: 2.5837 angle sup_con_loss: 0.6283 angle contrastive_loss: 3.2248 patch_sup_con_loss: 0.0000 
2026-08-10 01:27:05.785 | INFO     | __main__:train:332 - Epoch: [29][10/46]	 loss 2.90361	 cls_loss: 0.0564 cluster_loss: 0.9222 distance sup_con_loss: 1.1033 distance contrastive_loss: 2.6199 angle sup_con_loss: 0.6143 angle contrastive_loss: 3.2368 patch_sup_con_loss: 0.0000 
2026-08-10 01:27:24.113 | INFO     | __main__:train:332 - Epoch: [29][20/46]	 loss 2.87666	 cls_loss: 0.0517 cluster_loss: 0.8612 distance sup_con_loss: 1.2582 distance contrastive_loss: 2.5773 angle sup_con_loss: 0.6699 angle contrastive_loss: 3.2257 patch_sup_con_loss: 0.0000 
2026-08-10 01:27:42.455 | INFO     | __main__:train:332 - Epoch: [29][30/46]	 loss 2.86550	 cls_loss: 0.0429 cluster_loss: 0.8671 distance sup_con_loss: 1.0769 distance contrastive_loss: 2.5831 angle sup_con_loss: 0.6597 angle contrastive_loss: 3.2257 patch_sup_con_loss: 0.0000 
2026-08-10 01:28:00.798 | INFO     | __main__:train:332 - Epoch: [29][40/46]	 loss 2.83215	 cls_loss: 0.0739 cluster_loss: 0.8434 distance sup_con_loss: 0.9319 distance contrastive_loss: 2.5784 angle sup_con_loss: 0.5893 angle contrastive_loss: 3.2262 patch_sup_con_loss: 0.0000 
[E029] pre  n=2897  conf 0.746(0.46/0.96) H=1.15 effK=   3.2 acc_H 0.730/0.790/0.700 dir_old 0.827
        pair inst=19264  pairs=572123    pos= 0.65% prec 0.610 base 0.0054 lift  112.2 rec 0.730 pconf 0.738/0.666
        gate thr=0.66 pass= 69.7% prec 0.706 pos= 0.70% | logit |z|max 0.91 std 0.16 L2 2.23 range 1.36
2026-08-10 01:28:09.906 | INFO     | __main__:train:334 - Train Epoch: 29 Avg Loss: 2.8543 
2026-08-10 01:28:09.907 | INFO     | __main__:train:340 - Testing on unlabelled examples in the training data...
2026-08-10 01:28:31.702 | INFO     | util.cluster_and_log_utils:log_accs_from_preds:226 - EVAL FUNCTION: <function split_cluster_acc_v2 at 0x7f4caaf4f670>, Epoch 29, Train ACC Unlabelled_v2: All 0.7286 | Old 0.8005 | New 0.6927
2026-08-10 01:28:31.709 | INFO     | util.cluster_and_log_utils:log_accs_from_preds:226 - EVAL FUNCTION: <function split_cluster_acc_v2_balanced at 0x7f4caaf4f700>, Epoch 29, Train ACC Unlabelled_v2b: All 0.7476 | Old 0.8023 | New 0.6929
2026-08-10 01:28:31.725 | INFO     | __main__:train:342 - Testing on disjoint test set...
2026-08-10 01:28:59.130 | INFO     | util.cluster_and_log_utils:log_accs_from_preds:226 - EVAL FUNCTION: <function split_cluster_acc_v2 at 0x7f4caaf4f670>, Epoch 29, Test ACC_v2: All 0.7528 | Old 0.8433 | New 0.6632
2026-08-10 01:28:59.137 | INFO     | util.cluster_and_log_utils:log_accs_from_preds:226 - EVAL FUNCTION: <function split_cluster_acc_v2_balanced at 0x7f4caaf4f700>, Epoch 29, Test ACC_v2b: All 0.7539 | Old 0.8461 | New 0.6618
2026-08-10 01:28:59.155 | INFO     | __main__:train:345 - Train Accuracies: All 0.7286 | Old 0.8005 | New 0.6927
2026-08-10 01:28:59.155 | INFO     | __main__:train:346 - Test Accuracies: All 0.7528 | Old 0.8433 | New 0.6632
2026-08-10 01:28:59.157 | INFO     | __main__:train:350 - model saved to /data/projects/clean_projects/hab/dev_outputs/HypSimGCD_cub/log/DIAG_PART_SIGNAL_E50R_(10.08.2026_|_40.913)/checkpoints/model.pt.
== Consistency check: hooked class_logits and actual part-branch input match (OK)
2026-08-10 01:29:03.332 | INFO     | __main__:train:332 - Epoch: [30][0/46]	 loss 2.82238	 cls_loss: 0.0270 cluster_loss: 0.8347 distance sup_con_loss: 0.9929 distance contrastive_loss: 2.5535 angle sup_con_loss: 0.6454 angle contrastive_loss: 3.2197 patch_sup_con_loss: 0.0000 patch_unsup_con_loss: 0.0000 
2026-08-10 01:29:21.668 | INFO     | __main__:train:332 - Epoch: [30][10/46]	 loss 2.84162	 cls_loss: 0.0311 cluster_loss: 0.8674 distance sup_con_loss: 1.0322 distance contrastive_loss: 2.5789 angle sup_con_loss: 0.6145 angle contrastive_loss: 3.2214 patch_sup_con_loss: 0.0000 patch_unsup_con_loss: 0.0000 
2026-08-10 01:29:40.026 | INFO     | __main__:train:332 - Epoch: [30][20/46]	 loss 2.87576	 cls_loss: 0.0516 cluster_loss: 0.8532 distance sup_con_loss: 1.0970 distance contrastive_loss: 2.5939 angle sup_con_loss: 0.7099 angle contrastive_loss: 3.2269 patch_sup_con_loss: 0.0000 patch_unsup_con_loss: 0.0000 
2026-08-10 01:29:58.402 | INFO     | __main__:train:332 - Epoch: [30][30/46]	 loss 2.86770	 cls_loss: 0.0439 cluster_loss: 0.9010 distance sup_con_loss: 0.9593 distance contrastive_loss: 2.6091 angle sup_con_loss: 0.5751 angle contrastive_loss: 3.2439 patch_sup_con_loss: 0.0000 patch_unsup_con_loss: 0.0000 
2026-08-10 01:30:16.761 | INFO     | __main__:train:332 - Epoch: [30][40/46]	 loss 2.87634	 cls_loss: 0.0485 cluster_loss: 0.8725 distance sup_con_loss: 1.0748 distance contrastive_loss: 2.5783 angle sup_con_loss: 0.6810 angle contrastive_loss: 3.2276 patch_sup_con_loss: 0.0000 patch_unsup_con_loss: 0.0000 
[E030] pre  n=2926  conf 0.747(0.46/0.97) H=1.18 effK=   3.3 acc_H 0.728/0.801/0.693 dir_old 0.834
        pair inst=19465  pairs=584923    pos= 0.72% prec 0.562 base 0.0057 lift   98.1 rec 0.708 pconf 0.732/0.654
        gate thr=0.65 pass= 70.6% prec 0.657 pos= 0.77% | logit |z|max 0.91 std 0.16 L2 2.23 range 1.35
2026-08-10 01:30:25.870 | INFO     | __main__:train:334 - Train Epoch: 30 Avg Loss: 2.8584 
2026-08-10 01:30:25.871 | INFO     | __main__:train:340 - Testing on unlabelled examples in the training data...
2026-08-10 01:30:47.704 | INFO     | util.cluster_and_log_utils:log_accs_from_preds:226 - EVAL FUNCTION: <function split_cluster_acc_v2 at 0x7f4caaf4f670>, Epoch 30, Train ACC Unlabelled_v2: All 0.7244 | Old 0.7965 | New 0.6884
2026-08-10 01:30:47.711 | INFO     | util.cluster_and_log_utils:log_accs_from_preds:226 - EVAL FUNCTION: <function split_cluster_acc_v2_balanced at 0x7f4caaf4f700>, Epoch 30, Train ACC Unlabelled_v2b: All 0.7459 | Old 0.8033 | New 0.6885
2026-08-10 01:30:47.727 | INFO     | __main__:train:342 - Testing on disjoint test set...
2026-08-10 01:31:15.237 | INFO     | util.cluster_and_log_utils:log_accs_from_preds:226 - EVAL FUNCTION: <function split_cluster_acc_v2 at 0x7f4caaf4f670>, Epoch 30, Test ACC_v2: All 0.7491 | Old 0.8578 | New 0.6412
2026-08-10 01:31:15.245 | INFO     | util.cluster_and_log_utils:log_accs_from_preds:226 - EVAL FUNCTION: <function split_cluster_acc_v2_balanced at 0x7f4caaf4f700>, Epoch 30, Test ACC_v2b: All 0.7495 | Old 0.8590 | New 0.6399
2026-08-10 01:31:15.264 | INFO     | __main__:train:345 - Train Accuracies: All 0.7244 | Old 0.7965 | New 0.6884
2026-08-10 01:31:15.264 | INFO     | __main__:train:346 - Test Accuracies: All 0.7491 | Old 0.8578 | New 0.6412
2026-08-10 01:31:15.266 | INFO     | __main__:train:350 - model saved to /data/projects/clean_projects/hab/dev_outputs/HypSimGCD_cub/log/DIAG_PART_SIGNAL_E50R_(10.08.2026_|_40.913)/checkpoints/model.pt.
2026-08-10 01:31:19.353 | INFO     | __main__:train:332 - Epoch: [31][0/46]	 loss 2.80340	 cls_loss: 0.0324 cluster_loss: 0.8658 distance sup_con_loss: 0.8434 distance contrastive_loss: 2.5719 angle sup_con_loss: 0.5318 angle contrastive_loss: 3.2202 patch_sup_con_loss: 0.0000 patch_unsup_con_loss: 0.0000 
2026-08-10 01:31:37.707 | INFO     | __main__:train:332 - Epoch: [31][10/46]	 loss 2.81969	 cls_loss: 0.0605 cluster_loss: 0.8598 distance sup_con_loss: 0.9809 distance contrastive_loss: 2.5629 angle sup_con_loss: 0.5542 angle contrastive_loss: 3.2147 patch_sup_con_loss: 0.0000 patch_unsup_con_loss: 0.0000 
2026-08-10 01:31:56.082 | INFO     | __main__:train:332 - Epoch: [31][20/46]	 loss 2.89046	 cls_loss: 0.0669 cluster_loss: 0.8487 distance sup_con_loss: 1.1287 distance contrastive_loss: 2.5603 angle sup_con_loss: 0.7787 angle contrastive_loss: 3.2179 patch_sup_con_loss: 0.0000 patch_unsup_con_loss: 0.0000 
2026-08-10 01:32:14.460 | INFO     | __main__:train:332 - Epoch: [31][30/46]	 loss 2.73086	 cls_loss: 0.0467 cluster_loss: 0.8521 distance sup_con_loss: 0.6631 distance contrastive_loss: 2.5412 angle sup_con_loss: 0.3714 angle contrastive_loss: 3.2053 patch_sup_con_loss: 0.0000 patch_unsup_con_loss: 0.0000 
2026-08-10 01:32:32.822 | INFO     | __main__:train:332 - Epoch: [31][40/46]	 loss 2.78151	 cls_loss: 0.0581 cluster_loss: 0.8276 distance sup_con_loss: 0.8131 distance contrastive_loss: 2.5424 angle sup_con_loss: 0.5546 angle contrastive_loss: 3.2056 patch_sup_con_loss: 0.0000 patch_unsup_con_loss: 0.0000 
[E031] pre  n=2989  conf 0.749(0.47/0.96) H=1.18 effK=   3.3 acc_H 0.731/0.812/0.689 dir_old 0.833
        pair inst=19852  pairs=608515    pos= 0.70% prec 0.568 base 0.0053 lift  106.2 rec 0.741 pconf 0.732/0.657
        gate thr=0.64 pass= 72.0% prec 0.724 pos= 0.74% | logit |z|max 0.90 std 0.16 L2 2.20 range 1.34
2026-08-10 01:32:41.955 | INFO     | __main__:train:334 - Train Epoch: 31 Avg Loss: 2.8338 
2026-08-10 01:32:41.955 | INFO     | __main__:train:340 - Testing on unlabelled examples in the training data...
2026-08-10 01:33:03.742 | INFO     | util.cluster_and_log_utils:log_accs_from_preds:226 - EVAL FUNCTION: <function split_cluster_acc_v2 at 0x7f4caaf4f670>, Epoch 31, Train ACC Unlabelled_v2: All 0.7315 | Old 0.7652 | New 0.7147
2026-08-10 01:33:03.749 | INFO     | util.cluster_and_log_utils:log_accs_from_preds:226 - EVAL FUNCTION: <function split_cluster_acc_v2_balanced at 0x7f4caaf4f700>, Epoch 31, Train ACC Unlabelled_v2b: All 0.7454 | Old 0.7759 | New 0.7149
2026-08-10 01:33:03.767 | INFO     | __main__:train:342 - Testing on disjoint test set...
2026-08-10 01:33:31.195 | INFO     | util.cluster_and_log_utils:log_accs_from_preds:226 - EVAL FUNCTION: <function split_cluster_acc_v2 at 0x7f4caaf4f670>, Epoch 31, Test ACC_v2: All 0.7565 | Old 0.8571 | New 0.6567
2026-08-10 01:33:31.203 | INFO     | util.cluster_and_log_utils:log_accs_from_preds:226 - EVAL FUNCTION: <function split_cluster_acc_v2_balanced at 0x7f4caaf4f700>, Epoch 31, Test ACC_v2b: All 0.7562 | Old 0.8573 | New 0.6551
2026-08-10 01:33:31.220 | INFO     | __main__:train:345 - Train Accuracies: All 0.7315 | Old 0.7652 | New 0.7147
2026-08-10 01:33:31.221 | INFO     | __main__:train:346 - Test Accuracies: All 0.7565 | Old 0.8571 | New 0.6567
2026-08-10 01:33:31.222 | INFO     | __main__:train:350 - model saved to /data/projects/clean_projects/hab/dev_outputs/HypSimGCD_cub/log/DIAG_PART_SIGNAL_E50R_(10.08.2026_|_40.913)/checkpoints/model.pt.
2026-08-10 01:33:31.223 | INFO     | __main__:train:372 - Exp Name: DIAG_PART_SIGNAL_E50R
2026-08-10 01:33:31.223 | INFO     | __main__:train:373 - Metrics with best (train all-acc) model: All: 0.7315 Old: 0.7652 New: 0.7147
2026-08-10 01:33:31.224 | INFO     | __main__:train:377 - model saved to /data/projects/clean_projects/hab/dev_outputs/HypSimGCD_cub/log/DIAG_PART_SIGNAL_E50R_(10.08.2026_|_40.913)/checkpoints/model_best_acc_all.pt.
2026-08-10 01:33:35.363 | INFO     | __main__:train:332 - Epoch: [32][0/46]	 loss 2.79903	 cls_loss: 0.0304 cluster_loss: 0.8470 distance sup_con_loss: 0.9024 distance contrastive_loss: 2.5484 angle sup_con_loss: 0.5872 angle contrastive_loss: 3.2074 patch_sup_con_loss: 0.0000 patch_unsup_con_loss: 0.0000 
2026-08-10 01:33:53.658 | INFO     | __main__:train:332 - Epoch: [32][10/46]	 loss 2.85305	 cls_loss: 0.0317 cluster_loss: 0.8540 distance sup_con_loss: 1.0801 distance contrastive_loss: 2.5657 angle sup_con_loss: 0.6840 angle contrastive_loss: 3.2233 patch_sup_con_loss: 0.0000 patch_unsup_con_loss: 0.0000 
2026-08-10 01:34:11.989 | INFO     | __main__:train:332 - Epoch: [32][20/46]	 loss 2.84177	 cls_loss: 0.0542 cluster_loss: 0.8244 distance sup_con_loss: 1.1118 distance contrastive_loss: 2.5499 angle sup_con_loss: 0.7029 angle contrastive_loss: 3.2130 patch_sup_con_loss: 0.0000 patch_unsup_con_loss: 0.0000 
2026-08-10 01:34:30.311 | INFO     | __main__:train:332 - Epoch: [32][30/46]	 loss 2.87135	 cls_loss: 0.0499 cluster_loss: 0.8499 distance sup_con_loss: 1.1920 distance contrastive_loss: 2.5619 angle sup_con_loss: 0.7154 angle contrastive_loss: 3.2220 patch_sup_con_loss: 0.0000 patch_unsup_con_loss: 0.0000 
2026-08-10 01:34:48.653 | INFO     | __main__:train:332 - Epoch: [32][40/46]	 loss 2.89110	 cls_loss: 0.0481 cluster_loss: 0.9069 distance sup_con_loss: 0.9989 distance contrastive_loss: 2.5883 angle sup_con_loss: 0.6571 angle contrastive_loss: 3.2381 patch_sup_con_loss: 0.0000 patch_unsup_con_loss: 0.0000 
[E032] pre  n=2989  conf 0.747(0.45/0.96) H=1.19 effK=   3.3 acc_H 0.726/0.806/0.683 dir_old 0.834
        pair inst=19864  pairs=608566    pos= 0.76% prec 0.565 base 0.0059 lift   96.6 rec 0.733 pconf 0.721/0.653
        gate thr=0.64 pass= 72.4% prec 0.677 pos= 0.78% | logit |z|max 0.89 std 0.15 L2 2.18 range 1.33
2026-08-10 01:34:57.756 | INFO     | __main__:train:334 - Train Epoch: 32 Avg Loss: 2.8380 
2026-08-10 01:34:57.756 | INFO     | __main__:train:340 - Testing on unlabelled examples in the training data...
2026-08-10 01:35:19.549 | INFO     | util.cluster_and_log_utils:log_accs_from_preds:226 - EVAL FUNCTION: <function split_cluster_acc_v2 at 0x7f4caaf4f670>, Epoch 32, Train ACC Unlabelled_v2: All 0.7173 | Old 0.7672 | New 0.6924
2026-08-10 01:35:19.556 | INFO     | util.cluster_and_log_utils:log_accs_from_preds:226 - EVAL FUNCTION: <function split_cluster_acc_v2_balanced at 0x7f4caaf4f700>, Epoch 32, Train ACC Unlabelled_v2b: All 0.7331 | Old 0.7738 | New 0.6924
2026-08-10 01:35:19.573 | INFO     | __main__:train:342 - Testing on disjoint test set...
2026-08-10 01:35:47.002 | INFO     | util.cluster_and_log_utils:log_accs_from_preds:226 - EVAL FUNCTION: <function split_cluster_acc_v2 at 0x7f4caaf4f670>, Epoch 32, Test ACC_v2: All 0.7385 | Old 0.8488 | New 0.6292
2026-08-10 01:35:47.010 | INFO     | util.cluster_and_log_utils:log_accs_from_preds:226 - EVAL FUNCTION: <function split_cluster_acc_v2_balanced at 0x7f4caaf4f700>, Epoch 32, Test ACC_v2b: All 0.7361 | Old 0.8494 | New 0.6229
2026-08-10 01:35:47.027 | INFO     | __main__:train:345 - Train Accuracies: All 0.7173 | Old 0.7672 | New 0.6924
2026-08-10 01:35:47.027 | INFO     | __main__:train:346 - Test Accuracies: All 0.7385 | Old 0.8488 | New 0.6292
2026-08-10 01:35:47.029 | INFO     | __main__:train:350 - model saved to /data/projects/clean_projects/hab/dev_outputs/HypSimGCD_cub/log/DIAG_PART_SIGNAL_E50R_(10.08.2026_|_40.913)/checkpoints/model.pt.
2026-08-10 01:35:51.291 | INFO     | __main__:train:332 - Epoch: [33][0/46]	 loss 2.76665	 cls_loss: 0.0391 cluster_loss: 0.8032 distance sup_con_loss: 0.8745 distance contrastive_loss: 2.5625 angle sup_con_loss: 0.5498 angle contrastive_loss: 3.2178 patch_sup_con_loss: 0.0000 patch_unsup_con_loss: 0.0000 
2026-08-10 01:36:09.620 | INFO     | __main__:train:332 - Epoch: [33][10/46]	 loss 2.78541	 cls_loss: 0.0489 cluster_loss: 0.8221 distance sup_con_loss: 0.8079 distance contrastive_loss: 2.5618 angle sup_con_loss: 0.5812 angle contrastive_loss: 3.2141 patch_sup_con_loss: 0.0000 patch_unsup_con_loss: 0.0000 
2026-08-10 01:36:27.974 | INFO     | __main__:train:332 - Epoch: [33][20/46]	 loss 2.87768	 cls_loss: 0.0580 cluster_loss: 0.8975 distance sup_con_loss: 1.0800 distance contrastive_loss: 2.5697 angle sup_con_loss: 0.6579 angle contrastive_loss: 3.2153 patch_sup_con_loss: 0.0000 patch_unsup_con_loss: 0.0000 
2026-08-10 01:36:46.363 | INFO     | __main__:train:332 - Epoch: [33][30/46]	 loss 2.78267	 cls_loss: 0.0535 cluster_loss: 0.8249 distance sup_con_loss: 0.8745 distance contrastive_loss: 2.5835 angle sup_con_loss: 0.5139 angle contrastive_loss: 3.2269 patch_sup_con_loss: 0.0000 patch_unsup_con_loss: 0.0000 
2026-08-10 01:37:04.751 | INFO     | __main__:train:332 - Epoch: [33][40/46]	 loss 2.79300	 cls_loss: 0.0487 cluster_loss: 0.8215 distance sup_con_loss: 0.9420 distance contrastive_loss: 2.5506 angle sup_con_loss: 0.5890 angle contrastive_loss: 3.2122 patch_sup_con_loss: 0.0000 patch_unsup_con_loss: 0.0000 
[E033] pre  n=2917  conf 0.751(0.47/0.96) H=1.20 effK=   3.3 acc_H 0.731/0.777/0.708 dir_old 0.822
        pair inst=19335  pairs=576414    pos= 0.76% prec 0.579 base 0.0058 lift   99.3 rec 0.756 pconf 0.747/0.682
        gate thr=0.64 pass= 73.9% prec 0.653 pos= 0.85% | logit |z|max 0.90 std 0.15 L2 2.16 range 1.33
2026-08-10 01:37:13.866 | INFO     | __main__:train:334 - Train Epoch: 33 Avg Loss: 2.8057 
2026-08-10 01:37:13.867 | INFO     | __main__:train:340 - Testing on unlabelled examples in the training data...
2026-08-10 01:37:35.690 | INFO     | util.cluster_and_log_utils:log_accs_from_preds:226 - EVAL FUNCTION: <function split_cluster_acc_v2 at 0x7f4caaf4f670>, Epoch 33, Train ACC Unlabelled_v2: All 0.7240 | Old 0.7738 | New 0.6990
2026-08-10 01:37:35.698 | INFO     | util.cluster_and_log_utils:log_accs_from_preds:226 - EVAL FUNCTION: <function split_cluster_acc_v2_balanced at 0x7f4caaf4f700>, Epoch 33, Train ACC Unlabelled_v2b: All 0.7410 | Old 0.7830 | New 0.6990
2026-08-10 01:37:35.714 | INFO     | __main__:train:342 - Testing on disjoint test set...
2026-08-10 01:38:03.117 | INFO     | util.cluster_and_log_utils:log_accs_from_preds:226 - EVAL FUNCTION: <function split_cluster_acc_v2 at 0x7f4caaf4f670>, Epoch 33, Test ACC_v2: All 0.7451 | Old 0.8419 | New 0.6491
2026-08-10 01:38:03.125 | INFO     | util.cluster_and_log_utils:log_accs_from_preds:226 - EVAL FUNCTION: <function split_cluster_acc_v2_balanced at 0x7f4caaf4f700>, Epoch 33, Test ACC_v2b: All 0.7433 | Old 0.8428 | New 0.6437
2026-08-10 01:38:03.142 | INFO     | __main__:train:345 - Train Accuracies: All 0.7240 | Old 0.7738 | New 0.6990
2026-08-10 01:38:03.142 | INFO     | __main__:train:346 - Test Accuracies: All 0.7451 | Old 0.8419 | New 0.6491
2026-08-10 01:38:03.144 | INFO     | __main__:train:350 - model saved to /data/projects/clean_projects/hab/dev_outputs/HypSimGCD_cub/log/DIAG_PART_SIGNAL_E50R_(10.08.2026_|_40.913)/checkpoints/model.pt.
2026-08-10 01:38:07.194 | INFO     | __main__:train:332 - Epoch: [34][0/46]	 loss 2.82922	 cls_loss: 0.0471 cluster_loss: 0.8501 distance sup_con_loss: 1.1007 distance contrastive_loss: 2.5510 angle sup_con_loss: 0.5999 angle contrastive_loss: 3.2248 patch_sup_con_loss: 0.0000 patch_unsup_con_loss: 0.0000 
2026-08-10 01:38:25.504 | INFO     | __main__:train:332 - Epoch: [34][10/46]	 loss 2.75007	 cls_loss: 0.0440 cluster_loss: 0.7868 distance sup_con_loss: 0.9556 distance contrastive_loss: 2.5564 angle sup_con_loss: 0.5393 angle contrastive_loss: 3.2042 patch_sup_con_loss: 0.0000 patch_unsup_con_loss: 0.0000 
2026-08-10 01:38:43.825 | INFO     | __main__:train:332 - Epoch: [34][20/46]	 loss 2.82673	 cls_loss: 0.0446 cluster_loss: 0.8775 distance sup_con_loss: 0.8625 distance contrastive_loss: 2.5675 angle sup_con_loss: 0.5774 angle contrastive_loss: 3.2246 patch_sup_con_loss: 0.0000 patch_unsup_con_loss: 0.0000 
2026-08-10 01:39:02.150 | INFO     | __main__:train:332 - Epoch: [34][30/46]	 loss 2.75082	 cls_loss: 0.0448 cluster_loss: 0.7691 distance sup_con_loss: 0.9553 distance contrastive_loss: 2.5376 angle sup_con_loss: 0.5878 angle contrastive_loss: 3.2043 patch_sup_con_loss: 0.0000 patch_unsup_con_loss: 0.0000 
2026-08-10 01:39:20.488 | INFO     | __main__:train:332 - Epoch: [34][40/46]	 loss 2.94184	 cls_loss: 0.0422 cluster_loss: 0.9073 distance sup_con_loss: 1.2595 distance contrastive_loss: 2.6128 angle sup_con_loss: 0.7721 angle contrastive_loss: 3.2448 patch_sup_con_loss: 0.0000 patch_unsup_con_loss: 0.0000 
[E034] pre  n=3020  conf 0.761(0.48/0.96) H=1.14 effK=   3.1 acc_H 0.717/0.781/0.683 dir_old 0.818
        pair inst=20057  pairs=619751    pos= 0.62% prec 0.560 base 0.0051 lift  109.1 rec 0.679 pconf 0.741/0.665
        gate thr=0.63 pass= 76.6% prec 0.672 pos= 0.62% | logit |z|max 0.90 std 0.15 L2 2.17 range 1.34
2026-08-10 01:39:29.578 | INFO     | __main__:train:334 - Train Epoch: 34 Avg Loss: 2.8021 
2026-08-10 01:39:29.578 | INFO     | __main__:train:340 - Testing on unlabelled examples in the training data...
2026-08-10 01:39:51.393 | INFO     | util.cluster_and_log_utils:log_accs_from_preds:226 - EVAL FUNCTION: <function split_cluster_acc_v2 at 0x7f4caaf4f670>, Epoch 34, Train ACC Unlabelled_v2: All 0.7255 | Old 0.8105 | New 0.6830
2026-08-10 01:39:51.400 | INFO     | util.cluster_and_log_utils:log_accs_from_preds:226 - EVAL FUNCTION: <function split_cluster_acc_v2_balanced at 0x7f4caaf4f700>, Epoch 34, Train ACC Unlabelled_v2b: All 0.7492 | Old 0.8151 | New 0.6832
2026-08-10 01:39:51.417 | INFO     | __main__:train:342 - Testing on disjoint test set...
2026-08-10 01:40:18.853 | INFO     | util.cluster_and_log_utils:log_accs_from_preds:226 - EVAL FUNCTION: <function split_cluster_acc_v2 at 0x7f4caaf4f670>, Epoch 34, Test ACC_v2: All 0.7520 | Old 0.8627 | New 0.6423
2026-08-10 01:40:18.861 | INFO     | util.cluster_and_log_utils:log_accs_from_preds:226 - EVAL FUNCTION: <function split_cluster_acc_v2_balanced at 0x7f4caaf4f700>, Epoch 34, Test ACC_v2b: All 0.7510 | Old 0.8634 | New 0.6386
2026-08-10 01:40:18.880 | INFO     | __main__:train:345 - Train Accuracies: All 0.7255 | Old 0.8105 | New 0.6830
2026-08-10 01:40:18.880 | INFO     | __main__:train:346 - Test Accuracies: All 0.7520 | Old 0.8627 | New 0.6423
2026-08-10 01:40:18.882 | INFO     | __main__:train:350 - model saved to /data/projects/clean_projects/hab/dev_outputs/HypSimGCD_cub/log/DIAG_PART_SIGNAL_E50R_(10.08.2026_|_40.913)/checkpoints/model.pt.
2026-08-10 01:40:23.075 | INFO     | __main__:train:332 - Epoch: [35][0/46]	 loss 2.77519	 cls_loss: 0.0415 cluster_loss: 0.8347 distance sup_con_loss: 0.8259 distance contrastive_loss: 2.5984 angle sup_con_loss: 0.4884 angle contrastive_loss: 3.2305 patch_sup_con_loss: 0.0000 patch_unsup_con_loss: 0.0000 
2026-08-10 01:40:41.425 | INFO     | __main__:train:332 - Epoch: [35][10/46]	 loss 2.94054	 cls_loss: 0.0524 cluster_loss: 0.8927 distance sup_con_loss: 1.4044 distance contrastive_loss: 2.5698 angle sup_con_loss: 0.8085 angle contrastive_loss: 3.2284 patch_sup_con_loss: 0.0000 patch_unsup_con_loss: 0.0000 
2026-08-10 01:40:59.776 | INFO     | __main__:train:332 - Epoch: [35][20/46]	 loss 2.82762	 cls_loss: 0.0632 cluster_loss: 0.8331 distance sup_con_loss: 0.9561 distance contrastive_loss: 2.5648 angle sup_con_loss: 0.6397 angle contrastive_loss: 3.2271 patch_sup_con_loss: 0.0000 patch_unsup_con_loss: 0.0000 
2026-08-10 01:41:18.147 | INFO     | __main__:train:332 - Epoch: [35][30/46]	 loss 2.81122	 cls_loss: 0.0751 cluster_loss: 0.8000 distance sup_con_loss: 1.1044 distance contrastive_loss: 2.5569 angle sup_con_loss: 0.6358 angle contrastive_loss: 3.2153 patch_sup_con_loss: 0.0000 patch_unsup_con_loss: 0.0000 
2026-08-10 01:41:36.543 | INFO     | __main__:train:332 - Epoch: [35][40/46]	 loss 2.80512	 cls_loss: 0.0652 cluster_loss: 0.8493 distance sup_con_loss: 0.9482 distance contrastive_loss: 2.5455 angle sup_con_loss: 0.5603 angle contrastive_loss: 3.2118 patch_sup_con_loss: 0.0000 patch_unsup_con_loss: 0.0000 
[E035] pre  n=2860  conf 0.761(0.48/0.96) H=1.19 effK=   3.3 acc_H 0.737/0.803/0.705 dir_old 0.840
        pair inst=18982  pairs=556524    pos= 0.68% prec 0.588 base 0.0053 lift  111.9 rec 0.757 pconf 0.747/0.681
        gate thr=0.62 pass= 77.9% prec 0.678 pos= 0.68% | logit |z|max 0.89 std 0.15 L2 2.14 range 1.32
2026-08-10 01:41:45.635 | INFO     | __main__:train:334 - Train Epoch: 35 Avg Loss: 2.8225 
2026-08-10 01:41:45.635 | INFO     | __main__:train:340 - Testing on unlabelled examples in the training data...
2026-08-10 01:42:07.528 | INFO     | util.cluster_and_log_utils:log_accs_from_preds:226 - EVAL FUNCTION: <function split_cluster_acc_v2 at 0x7f4caaf4f670>, Epoch 35, Train ACC Unlabelled_v2: All 0.7220 | Old 0.7765 | New 0.6947
2026-08-10 01:42:07.535 | INFO     | util.cluster_and_log_utils:log_accs_from_preds:226 - EVAL FUNCTION: <function split_cluster_acc_v2_balanced at 0x7f4caaf4f700>, Epoch 35, Train ACC Unlabelled_v2b: All 0.7385 | Old 0.7823 | New 0.6946
2026-08-10 01:42:07.550 | INFO     | __main__:train:342 - Testing on disjoint test set...
2026-08-10 01:42:34.958 | INFO     | util.cluster_and_log_utils:log_accs_from_preds:226 - EVAL FUNCTION: <function split_cluster_acc_v2 at 0x7f4caaf4f670>, Epoch 35, Test ACC_v2: All 0.7508 | Old 0.8512 | New 0.6512
2026-08-10 01:42:34.965 | INFO     | util.cluster_and_log_utils:log_accs_from_preds:226 - EVAL FUNCTION: <function split_cluster_acc_v2_balanced at 0x7f4caaf4f700>, Epoch 35, Test ACC_v2b: All 0.7505 | Old 0.8526 | New 0.6484
2026-08-10 01:42:34.984 | INFO     | __main__:train:345 - Train Accuracies: All 0.7220 | Old 0.7765 | New 0.6947
2026-08-10 01:42:34.984 | INFO     | __main__:train:346 - Test Accuracies: All 0.7508 | Old 0.8512 | New 0.6512
2026-08-10 01:42:34.986 | INFO     | __main__:train:350 - model saved to /data/projects/clean_projects/hab/dev_outputs/HypSimGCD_cub/log/DIAG_PART_SIGNAL_E50R_(10.08.2026_|_40.913)/checkpoints/model.pt.
2026-08-10 01:42:38.876 | INFO     | __main__:train:332 - Epoch: [36][0/46]	 loss 2.80045	 cls_loss: 0.0440 cluster_loss: 0.8182 distance sup_con_loss: 0.9424 distance contrastive_loss: 2.5332 angle sup_con_loss: 0.6516 angle contrastive_loss: 3.2123 patch_sup_con_loss: 0.0000 patch_unsup_con_loss: 0.0000 
2026-08-10 01:42:57.206 | INFO     | __main__:train:332 - Epoch: [36][10/46]	 loss 2.78605	 cls_loss: 0.0485 cluster_loss: 0.8187 distance sup_con_loss: 0.7940 distance contrastive_loss: 2.5693 angle sup_con_loss: 0.5911 angle contrastive_loss: 3.2241 patch_sup_con_loss: 0.0000 patch_unsup_con_loss: 0.0000 
2026-08-10 01:43:15.542 | INFO     | __main__:train:332 - Epoch: [36][20/46]	 loss 2.77280	 cls_loss: 0.0426 cluster_loss: 0.8055 distance sup_con_loss: 0.9046 distance contrastive_loss: 2.5473 angle sup_con_loss: 0.5590 angle contrastive_loss: 3.2279 patch_sup_con_loss: 0.0000 patch_unsup_con_loss: 0.0000 
2026-08-10 01:43:33.893 | INFO     | __main__:train:332 - Epoch: [36][30/46]	 loss 2.71028	 cls_loss: 0.0516 cluster_loss: 0.7951 distance sup_con_loss: 0.7194 distance contrastive_loss: 2.5272 angle sup_con_loss: 0.4488 angle contrastive_loss: 3.2032 patch_sup_con_loss: 0.0000 patch_unsup_con_loss: 0.0000 
2026-08-10 01:43:52.261 | INFO     | __main__:train:332 - Epoch: [36][40/46]	 loss 2.71992	 cls_loss: 0.0534 cluster_loss: 0.8027 distance sup_con_loss: 0.6331 distance contrastive_loss: 2.5243 angle sup_con_loss: 0.4620 angle contrastive_loss: 3.2149 patch_sup_con_loss: 0.0000 patch_unsup_con_loss: 0.0000 
[E036] pre  n=2901  conf 0.749(0.48/0.95) H=1.25 effK=   3.5 acc_H 0.736/0.783/0.713 dir_old 0.832
        pair inst=19318  pairs=575785    pos= 0.71% prec 0.595 base 0.0055 lift  107.7 rec 0.768 pconf 0.738/0.673
        gate thr=0.62 pass= 76.3% prec 0.677 pos= 0.75% | logit |z|max 0.88 std 0.15 L2 2.10 range 1.30
2026-08-10 01:44:01.365 | INFO     | __main__:train:334 - Train Epoch: 36 Avg Loss: 2.8135 
2026-08-10 01:44:01.365 | INFO     | __main__:train:340 - Testing on unlabelled examples in the training data...
2026-08-10 01:44:23.171 | INFO     | util.cluster_and_log_utils:log_accs_from_preds:226 - EVAL FUNCTION: <function split_cluster_acc_v2 at 0x7f4caaf4f670>, Epoch 36, Train ACC Unlabelled_v2: All 0.7233 | Old 0.7832 | New 0.6934
2026-08-10 01:44:23.178 | INFO     | util.cluster_and_log_utils:log_accs_from_preds:226 - EVAL FUNCTION: <function split_cluster_acc_v2_balanced at 0x7f4caaf4f700>, Epoch 36, Train ACC Unlabelled_v2b: All 0.7433 | Old 0.7932 | New 0.6934
2026-08-10 01:44:23.195 | INFO     | __main__:train:342 - Testing on disjoint test set...
2026-08-10 01:44:50.610 | INFO     | util.cluster_and_log_utils:log_accs_from_preds:226 - EVAL FUNCTION: <function split_cluster_acc_v2 at 0x7f4caaf4f670>, Epoch 36, Test ACC_v2: All 0.7408 | Old 0.8263 | New 0.6560
2026-08-10 01:44:50.618 | INFO     | util.cluster_and_log_utils:log_accs_from_preds:226 - EVAL FUNCTION: <function split_cluster_acc_v2_balanced at 0x7f4caaf4f700>, Epoch 36, Test ACC_v2b: All 0.7395 | Old 0.8276 | New 0.6514
2026-08-10 01:44:50.636 | INFO     | __main__:train:345 - Train Accuracies: All 0.7233 | Old 0.7832 | New 0.6934
2026-08-10 01:44:50.636 | INFO     | __main__:train:346 - Test Accuracies: All 0.7408 | Old 0.8263 | New 0.6560
2026-08-10 01:44:50.638 | INFO     | __main__:train:350 - model saved to /data/projects/clean_projects/hab/dev_outputs/HypSimGCD_cub/log/DIAG_PART_SIGNAL_E50R_(10.08.2026_|_40.913)/checkpoints/model.pt.
2026-08-10 01:44:54.766 | INFO     | __main__:train:332 - Epoch: [37][0/46]	 loss 2.86115	 cls_loss: 0.0357 cluster_loss: 0.8400 distance sup_con_loss: 1.1533 distance contrastive_loss: 2.5591 angle sup_con_loss: 0.7472 angle contrastive_loss: 3.2252 patch_sup_con_loss: 0.0000 patch_unsup_con_loss: 0.0000 
2026-08-10 01:45:13.122 | INFO     | __main__:train:332 - Epoch: [37][10/46]	 loss 2.76559	 cls_loss: 0.0436 cluster_loss: 0.8053 distance sup_con_loss: 0.8538 distance contrastive_loss: 2.5355 angle sup_con_loss: 0.6107 angle contrastive_loss: 3.1982 patch_sup_con_loss: 0.0000 patch_unsup_con_loss: 0.0000 
2026-08-10 01:45:31.495 | INFO     | __main__:train:332 - Epoch: [37][20/46]	 loss 2.85905	 cls_loss: 0.0547 cluster_loss: 0.8639 distance sup_con_loss: 1.1427 distance contrastive_loss: 2.5545 angle sup_con_loss: 0.6775 angle contrastive_loss: 3.2190 patch_sup_con_loss: 0.0000 patch_unsup_con_loss: 0.0000 
2026-08-10 01:45:49.871 | INFO     | __main__:train:332 - Epoch: [37][30/46]	 loss 2.73697	 cls_loss: 0.0400 cluster_loss: 0.7874 distance sup_con_loss: 0.7871 distance contrastive_loss: 2.5504 angle sup_con_loss: 0.5500 angle contrastive_loss: 3.2059 patch_sup_con_loss: 0.0000 patch_unsup_con_loss: 0.0000 
2026-08-10 01:46:08.255 | INFO     | __main__:train:332 - Epoch: [37][40/46]	 loss 2.78529	 cls_loss: 0.0516 cluster_loss: 0.8278 distance sup_con_loss: 0.7594 distance contrastive_loss: 2.5535 angle sup_con_loss: 0.5804 angle contrastive_loss: 3.2265 patch_sup_con_loss: 0.0000 patch_unsup_con_loss: 0.0000 
[E037] pre  n=2970  conf 0.751(0.48/0.95) H=1.25 effK=   3.5 acc_H 0.741/0.800/0.713 dir_old 0.836
        pair inst=19745  pairs=600906    pos= 0.72% prec 0.629 base 0.0061 lift  102.4 rec 0.740 pconf 0.737/0.671
        gate thr=0.61 pass= 78.2% prec 0.715 pos= 0.74% | logit |z|max 0.88 std 0.15 L2 2.09 range 1.30
2026-08-10 01:46:17.366 | INFO     | __main__:train:334 - Train Epoch: 37 Avg Loss: 2.8036 
2026-08-10 01:46:17.366 | INFO     | __main__:train:340 - Testing on unlabelled examples in the training data...
2026-08-10 01:46:39.176 | INFO     | util.cluster_and_log_utils:log_accs_from_preds:226 - EVAL FUNCTION: <function split_cluster_acc_v2 at 0x7f4caaf4f670>, Epoch 37, Train ACC Unlabelled_v2: All 0.7222 | Old 0.7932 | New 0.6867
2026-08-10 01:46:39.183 | INFO     | util.cluster_and_log_utils:log_accs_from_preds:226 - EVAL FUNCTION: <function split_cluster_acc_v2_balanced at 0x7f4caaf4f700>, Epoch 37, Train ACC Unlabelled_v2b: All 0.7420 | Old 0.7974 | New 0.6866
2026-08-10 01:46:39.200 | INFO     | __main__:train:342 - Testing on disjoint test set...
2026-08-10 01:47:06.674 | INFO     | util.cluster_and_log_utils:log_accs_from_preds:226 - EVAL FUNCTION: <function split_cluster_acc_v2 at 0x7f4caaf4f670>, Epoch 37, Test ACC_v2: All 0.7496 | Old 0.8447 | New 0.6553
2026-08-10 01:47:06.682 | INFO     | util.cluster_and_log_utils:log_accs_from_preds:226 - EVAL FUNCTION: <function split_cluster_acc_v2_balanced at 0x7f4caaf4f700>, Epoch 37, Test ACC_v2b: All 0.7476 | Old 0.8458 | New 0.6493
2026-08-10 01:47:06.700 | INFO     | __main__:train:345 - Train Accuracies: All 0.7222 | Old 0.7932 | New 0.6867
2026-08-10 01:47:06.700 | INFO     | __main__:train:346 - Test Accuracies: All 0.7496 | Old 0.8447 | New 0.6553
2026-08-10 01:47:06.702 | INFO     | __main__:train:350 - model saved to /data/projects/clean_projects/hab/dev_outputs/HypSimGCD_cub/log/DIAG_PART_SIGNAL_E50R_(10.08.2026_|_40.913)/checkpoints/model.pt.
2026-08-10 01:47:10.850 | INFO     | __main__:train:332 - Epoch: [38][0/46]	 loss 2.82408	 cls_loss: 0.0675 cluster_loss: 0.8370 distance sup_con_loss: 0.9990 distance contrastive_loss: 2.5393 angle sup_con_loss: 0.6554 angle contrastive_loss: 3.2140 patch_sup_con_loss: 0.0000 patch_unsup_con_loss: 0.0000 
2026-08-10 01:47:29.165 | INFO     | __main__:train:332 - Epoch: [38][10/46]	 loss 2.80561	 cls_loss: 0.0639 cluster_loss: 0.8222 distance sup_con_loss: 0.9006 distance contrastive_loss: 2.5588 angle sup_con_loss: 0.6138 angle contrastive_loss: 3.2299 patch_sup_con_loss: 0.0000 patch_unsup_con_loss: 0.0000 
2026-08-10 01:47:47.498 | INFO     | __main__:train:332 - Epoch: [38][20/46]	 loss 2.80596	 cls_loss: 0.0400 cluster_loss: 0.8526 distance sup_con_loss: 0.9289 distance contrastive_loss: 2.5694 angle sup_con_loss: 0.5794 angle contrastive_loss: 3.2212 patch_sup_con_loss: 0.0000 patch_unsup_con_loss: 0.0000 
2026-08-10 01:48:05.837 | INFO     | __main__:train:332 - Epoch: [38][30/46]	 loss 2.83768	 cls_loss: 0.0727 cluster_loss: 0.8438 distance sup_con_loss: 0.9412 distance contrastive_loss: 2.5624 angle sup_con_loss: 0.6729 angle contrastive_loss: 3.2206 patch_sup_con_loss: 0.0000 patch_unsup_con_loss: 0.0000 
2026-08-10 01:48:24.177 | INFO     | __main__:train:332 - Epoch: [38][40/46]	 loss 2.84755	 cls_loss: 0.0627 cluster_loss: 0.8511 distance sup_con_loss: 0.9641 distance contrastive_loss: 2.5890 angle sup_con_loss: 0.6686 angle contrastive_loss: 3.2299 patch_sup_con_loss: 0.0000 patch_unsup_con_loss: 0.0000 
[E038] pre  n=2977  conf 0.764(0.49/0.96) H=1.18 effK=   3.3 acc_H 0.742/0.780/0.723 dir_old 0.826
        pair inst=19797  pairs=602502    pos= 0.67% prec 0.624 base 0.0055 lift  113.2 rec 0.757 pconf 0.756/0.695
        gate thr=0.61 pass= 78.8% prec 0.695 pos= 0.69% | logit |z|max 0.90 std 0.15 L2 2.11 range 1.31
2026-08-10 01:48:33.284 | INFO     | __main__:train:334 - Train Epoch: 38 Avg Loss: 2.7915 
2026-08-10 01:48:33.284 | INFO     | __main__:train:340 - Testing on unlabelled examples in the training data...
2026-08-10 01:48:55.076 | INFO     | util.cluster_and_log_utils:log_accs_from_preds:226 - EVAL FUNCTION: <function split_cluster_acc_v2 at 0x7f4caaf4f670>, Epoch 38, Train ACC Unlabelled_v2: All 0.7335 | Old 0.7799 | New 0.7104
2026-08-10 01:48:55.083 | INFO     | util.cluster_and_log_utils:log_accs_from_preds:226 - EVAL FUNCTION: <function split_cluster_acc_v2_balanced at 0x7f4caaf4f700>, Epoch 38, Train ACC Unlabelled_v2b: All 0.7485 | Old 0.7869 | New 0.7100
2026-08-10 01:48:55.099 | INFO     | __main__:train:342 - Testing on disjoint test set...
2026-08-10 01:49:22.541 | INFO     | util.cluster_and_log_utils:log_accs_from_preds:226 - EVAL FUNCTION: <function split_cluster_acc_v2 at 0x7f4caaf4f670>, Epoch 38, Test ACC_v2: All 0.7522 | Old 0.8242 | New 0.6808
2026-08-10 01:49:22.548 | INFO     | util.cluster_and_log_utils:log_accs_from_preds:226 - EVAL FUNCTION: <function split_cluster_acc_v2_balanced at 0x7f4caaf4f700>, Epoch 38, Test ACC_v2b: All 0.7500 | Old 0.8257 | New 0.6742
2026-08-10 01:49:22.567 | INFO     | __main__:train:345 - Train Accuracies: All 0.7335 | Old 0.7799 | New 0.7104
2026-08-10 01:49:22.567 | INFO     | __main__:train:346 - Test Accuracies: All 0.7522 | Old 0.8242 | New 0.6808
2026-08-10 01:49:22.569 | INFO     | __main__:train:350 - model saved to /data/projects/clean_projects/hab/dev_outputs/HypSimGCD_cub/log/DIAG_PART_SIGNAL_E50R_(10.08.2026_|_40.913)/checkpoints/model.pt.
2026-08-10 01:49:22.569 | INFO     | __main__:train:372 - Exp Name: DIAG_PART_SIGNAL_E50R
2026-08-10 01:49:22.569 | INFO     | __main__:train:373 - Metrics with best (train all-acc) model: All: 0.7335 Old: 0.7799 New: 0.7104
2026-08-10 01:49:22.570 | INFO     | __main__:train:377 - model saved to /data/projects/clean_projects/hab/dev_outputs/HypSimGCD_cub/log/DIAG_PART_SIGNAL_E50R_(10.08.2026_|_40.913)/checkpoints/model_best_acc_all.pt.
2026-08-10 01:49:26.738 | INFO     | __main__:train:332 - Epoch: [39][0/46]	 loss 2.67720	 cls_loss: 0.0475 cluster_loss: 0.7448 distance sup_con_loss: 0.7190 distance contrastive_loss: 2.5313 angle sup_con_loss: 0.4577 angle contrastive_loss: 3.2095 patch_sup_con_loss: 0.0000 patch_unsup_con_loss: 0.0000 
2026-08-10 01:49:45.085 | INFO     | __main__:train:332 - Epoch: [39][10/46]	 loss 2.70620	 cls_loss: 0.0500 cluster_loss: 0.7843 distance sup_con_loss: 0.7494 distance contrastive_loss: 2.5449 angle sup_con_loss: 0.4543 angle contrastive_loss: 3.2084 patch_sup_con_loss: 0.0000 patch_unsup_con_loss: 0.0000 
2026-08-10 01:50:03.444 | INFO     | __main__:train:332 - Epoch: [39][20/46]	 loss 2.76146	 cls_loss: 0.0460 cluster_loss: 0.8239 distance sup_con_loss: 0.8725 distance contrastive_loss: 2.5277 angle sup_con_loss: 0.5500 angle contrastive_loss: 3.2041 patch_sup_con_loss: 0.0000 patch_unsup_con_loss: 0.0000 
2026-08-10 01:50:21.827 | INFO     | __main__:train:332 - Epoch: [39][30/46]	 loss 2.75408	 cls_loss: 0.0665 cluster_loss: 0.7748 distance sup_con_loss: 0.9210 distance contrastive_loss: 2.5267 angle sup_con_loss: 0.6006 angle contrastive_loss: 3.2039 patch_sup_con_loss: 0.0000 patch_unsup_con_loss: 0.0000 
2026-08-10 01:50:40.222 | INFO     | __main__:train:332 - Epoch: [39][40/46]	 loss 2.74541	 cls_loss: 0.0512 cluster_loss: 0.7938 distance sup_con_loss: 0.8949 distance contrastive_loss: 2.5147 angle sup_con_loss: 0.5529 angle contrastive_loss: 3.2061 patch_sup_con_loss: 0.0000 patch_unsup_con_loss: 0.0000 
[E039] pre  n=3014  conf 0.761(0.49/0.96) H=1.22 effK=   3.4 acc_H 0.739/0.806/0.704 dir_old 0.841
        pair inst=20009  pairs=616618    pos= 0.68% prec 0.576 base 0.0053 lift  108.1 rec 0.731 pconf 0.750/0.684
        gate thr=0.61 pass= 80.0% prec 0.655 pos= 0.70% | logit |z|max 0.89 std 0.15 L2 2.08 range 1.30
2026-08-10 01:50:49.358 | INFO     | __main__:train:334 - Train Epoch: 39 Avg Loss: 2.7882 
2026-08-10 01:50:49.358 | INFO     | __main__:train:340 - Testing on unlabelled examples in the training data...
2026-08-10 01:51:11.206 | INFO     | util.cluster_and_log_utils:log_accs_from_preds:226 - EVAL FUNCTION: <function split_cluster_acc_v2 at 0x7f4caaf4f670>, Epoch 39, Train ACC Unlabelled_v2: All 0.7315 | Old 0.7965 | New 0.6990
2026-08-10 01:51:11.213 | INFO     | util.cluster_and_log_utils:log_accs_from_preds:226 - EVAL FUNCTION: <function split_cluster_acc_v2_balanced at 0x7f4caaf4f700>, Epoch 39, Train ACC Unlabelled_v2b: All 0.7516 | Old 0.8043 | New 0.6989
2026-08-10 01:51:11.230 | INFO     | __main__:train:342 - Testing on disjoint test set...
2026-08-10 01:51:38.640 | INFO     | util.cluster_and_log_utils:log_accs_from_preds:226 - EVAL FUNCTION: <function split_cluster_acc_v2 at 0x7f4caaf4f670>, Epoch 39, Test ACC_v2: All 0.7539 | Old 0.8450 | New 0.6636
2026-08-10 01:51:38.647 | INFO     | util.cluster_and_log_utils:log_accs_from_preds:226 - EVAL FUNCTION: <function split_cluster_acc_v2_balanced at 0x7f4caaf4f700>, Epoch 39, Test ACC_v2b: All 0.7515 | Old 0.8462 | New 0.6568
2026-08-10 01:51:38.665 | INFO     | __main__:train:345 - Train Accuracies: All 0.7315 | Old 0.7965 | New 0.6990
2026-08-10 01:51:38.665 | INFO     | __main__:train:346 - Test Accuracies: All 0.7539 | Old 0.8450 | New 0.6636
2026-08-10 01:51:38.667 | INFO     | __main__:train:350 - model saved to /data/projects/clean_projects/hab/dev_outputs/HypSimGCD_cub/log/DIAG_PART_SIGNAL_E50R_(10.08.2026_|_40.913)/checkpoints/model.pt.
2026-08-10 01:51:42.899 | INFO     | __main__:train:332 - Epoch: [40][0/46]	 loss 2.76280	 cls_loss: 0.0488 cluster_loss: 0.7925 distance sup_con_loss: 0.8657 distance contrastive_loss: 2.5394 angle sup_con_loss: 0.6227 angle contrastive_loss: 3.2062 patch_sup_con_loss: 0.0000 patch_unsup_con_loss: 0.0000 
2026-08-10 01:52:01.217 | INFO     | __main__:train:332 - Epoch: [40][10/46]	 loss 2.82779	 cls_loss: 0.0423 cluster_loss: 0.8204 distance sup_con_loss: 1.0541 distance contrastive_loss: 2.5165 angle sup_con_loss: 0.7750 angle contrastive_loss: 3.1990 patch_sup_con_loss: 0.0000 patch_unsup_con_loss: 0.0000 
2026-08-10 01:52:19.560 | INFO     | __main__:train:332 - Epoch: [40][20/46]	 loss 2.85099	 cls_loss: 0.0272 cluster_loss: 0.8553 distance sup_con_loss: 1.2024 distance contrastive_loss: 2.5431 angle sup_con_loss: 0.7218 angle contrastive_loss: 3.2115 patch_sup_con_loss: 0.0000 patch_unsup_con_loss: 0.0000 
2026-08-10 01:52:37.917 | INFO     | __main__:train:332 - Epoch: [40][30/46]	 loss 2.93363	 cls_loss: 0.0283 cluster_loss: 0.9283 distance sup_con_loss: 1.1038 distance contrastive_loss: 2.5637 angle sup_con_loss: 0.8370 angle contrastive_loss: 3.2252 patch_sup_con_loss: 0.0000 patch_unsup_con_loss: 0.0000 
2026-08-10 01:52:56.280 | INFO     | __main__:train:332 - Epoch: [40][40/46]	 loss 2.82586	 cls_loss: 0.0747 cluster_loss: 0.8322 distance sup_con_loss: 1.0305 distance contrastive_loss: 2.5509 angle sup_con_loss: 0.6500 angle contrastive_loss: 3.2203 patch_sup_con_loss: 0.0000 patch_unsup_con_loss: 0.0000 
[E040] pre  n=2983  conf 0.761(0.49/0.96) H=1.22 effK=   3.4 acc_H 0.732/0.805/0.697 dir_old 0.840
        pair inst=19804  pairs=605257    pos= 0.68% prec 0.615 base 0.0053 lift  115.8 rec 0.789 pconf 0.754/0.691
        gate thr=0.60 pass= 80.6% prec 0.669 pos= 0.73% | logit |z|max 0.90 std 0.15 L2 2.08 range 1.31
2026-08-10 01:53:05.389 | INFO     | __main__:train:334 - Train Epoch: 40 Avg Loss: 2.7924 
2026-08-10 01:53:05.390 | INFO     | __main__:train:340 - Testing on unlabelled examples in the training data...
2026-08-10 01:53:27.209 | INFO     | util.cluster_and_log_utils:log_accs_from_preds:226 - EVAL FUNCTION: <function split_cluster_acc_v2 at 0x7f4caaf4f670>, Epoch 40, Train ACC Unlabelled_v2: All 0.7322 | Old 0.7972 | New 0.6997
2026-08-10 01:53:27.216 | INFO     | util.cluster_and_log_utils:log_accs_from_preds:226 - EVAL FUNCTION: <function split_cluster_acc_v2_balanced at 0x7f4caaf4f700>, Epoch 40, Train ACC Unlabelled_v2b: All 0.7513 | Old 0.8026 | New 0.6999
2026-08-10 01:53:27.233 | INFO     | __main__:train:342 - Testing on disjoint test set...
2026-08-10 01:53:54.778 | INFO     | util.cluster_and_log_utils:log_accs_from_preds:226 - EVAL FUNCTION: <function split_cluster_acc_v2 at 0x7f4caaf4f670>, Epoch 40, Test ACC_v2: All 0.7480 | Old 0.8311 | New 0.6656
2026-08-10 01:53:54.785 | INFO     | util.cluster_and_log_utils:log_accs_from_preds:226 - EVAL FUNCTION: <function split_cluster_acc_v2_balanced at 0x7f4caaf4f700>, Epoch 40, Test ACC_v2b: All 0.7462 | Old 0.8333 | New 0.6590
2026-08-10 01:53:54.803 | INFO     | __main__:train:345 - Train Accuracies: All 0.7322 | Old 0.7972 | New 0.6997
2026-08-10 01:53:54.803 | INFO     | __main__:train:346 - Test Accuracies: All 0.7480 | Old 0.8311 | New 0.6656
2026-08-10 01:53:54.805 | INFO     | __main__:train:350 - model saved to /data/projects/clean_projects/hab/dev_outputs/HypSimGCD_cub/log/DIAG_PART_SIGNAL_E50R_(10.08.2026_|_40.913)/checkpoints/model.pt.
2026-08-10 01:53:59.056 | INFO     | __main__:train:332 - Epoch: [41][0/46]	 loss 2.82524	 cls_loss: 0.0597 cluster_loss: 0.8374 distance sup_con_loss: 0.9622 distance contrastive_loss: 2.5432 angle sup_con_loss: 0.6912 angle contrastive_loss: 3.2152 patch_sup_con_loss: 0.0000 patch_unsup_con_loss: 0.0000 
2026-08-10 01:54:17.399 | INFO     | __main__:train:332 - Epoch: [41][10/46]	 loss 2.82060	 cls_loss: 0.0612 cluster_loss: 0.8770 distance sup_con_loss: 0.9323 distance contrastive_loss: 2.5408 angle sup_con_loss: 0.5661 angle contrastive_loss: 3.2274 patch_sup_con_loss: 0.0000 patch_unsup_con_loss: 0.0000 
2026-08-10 01:54:35.746 | INFO     | __main__:train:332 - Epoch: [41][20/46]	 loss 2.80446	 cls_loss: 0.0377 cluster_loss: 0.8502 distance sup_con_loss: 0.8593 distance contrastive_loss: 2.5595 angle sup_con_loss: 0.6363 angle contrastive_loss: 3.2136 patch_sup_con_loss: 0.0000 patch_unsup_con_loss: 0.0000 
2026-08-10 01:54:54.107 | INFO     | __main__:train:332 - Epoch: [41][30/46]	 loss 2.89527	 cls_loss: 0.0400 cluster_loss: 0.8684 distance sup_con_loss: 1.2529 distance contrastive_loss: 2.5497 angle sup_con_loss: 0.8257 angle contrastive_loss: 3.2101 patch_sup_con_loss: 0.0000 patch_unsup_con_loss: 0.0000 
2026-08-10 01:55:12.444 | INFO     | __main__:train:332 - Epoch: [41][40/46]	 loss 2.79657	 cls_loss: 0.0490 cluster_loss: 0.8374 distance sup_con_loss: 0.9461 distance contrastive_loss: 2.5264 angle sup_con_loss: 0.6176 angle contrastive_loss: 3.2131 patch_sup_con_loss: 0.0000 patch_unsup_con_loss: 0.0000 
[E041] pre  n=2934  conf 0.755(0.48/0.95) H=1.26 effK=   3.5 acc_H 0.733/0.770/0.714 dir_old 0.806
        pair inst=19530  pairs=587660    pos= 0.74% prec 0.570 base 0.0056 lift  100.9 rec 0.751 pconf 0.743/0.677
        gate thr=0.59 pass= 80.7% prec 0.654 pos= 0.78% | logit |z|max 0.88 std 0.14 L2 2.04 range 1.29
2026-08-10 01:55:21.556 | INFO     | __main__:train:334 - Train Epoch: 41 Avg Loss: 2.7837 
2026-08-10 01:55:21.556 | INFO     | __main__:train:340 - Testing on unlabelled examples in the training data...
2026-08-10 01:55:43.583 | INFO     | util.cluster_and_log_utils:log_accs_from_preds:226 - EVAL FUNCTION: <function split_cluster_acc_v2 at 0x7f4caaf4f670>, Epoch 41, Train ACC Unlabelled_v2: All 0.7298 | Old 0.7945 | New 0.6974
2026-08-10 01:55:43.590 | INFO     | util.cluster_and_log_utils:log_accs_from_preds:226 - EVAL FUNCTION: <function split_cluster_acc_v2_balanced at 0x7f4caaf4f700>, Epoch 41, Train ACC Unlabelled_v2b: All 0.7476 | Old 0.7979 | New 0.6974
2026-08-10 01:55:43.607 | INFO     | __main__:train:342 - Testing on disjoint test set...
2026-08-10 01:56:11.038 | INFO     | util.cluster_and_log_utils:log_accs_from_preds:226 - EVAL FUNCTION: <function split_cluster_acc_v2 at 0x7f4caaf4f670>, Epoch 41, Test ACC_v2: All 0.7499 | Old 0.8526 | New 0.6481
2026-08-10 01:56:11.046 | INFO     | util.cluster_and_log_utils:log_accs_from_preds:226 - EVAL FUNCTION: <function split_cluster_acc_v2_balanced at 0x7f4caaf4f700>, Epoch 41, Test ACC_v2b: All 0.7475 | Old 0.8527 | New 0.6423
2026-08-10 01:56:11.066 | INFO     | __main__:train:345 - Train Accuracies: All 0.7298 | Old 0.7945 | New 0.6974
2026-08-10 01:56:11.067 | INFO     | __main__:train:346 - Test Accuracies: All 0.7499 | Old 0.8526 | New 0.6481
2026-08-10 01:56:11.068 | INFO     | __main__:train:350 - model saved to /data/projects/clean_projects/hab/dev_outputs/HypSimGCD_cub/log/DIAG_PART_SIGNAL_E50R_(10.08.2026_|_40.913)/checkpoints/model.pt.
2026-08-10 01:56:15.212 | INFO     | __main__:train:332 - Epoch: [42][0/46]	 loss 2.77562	 cls_loss: 0.0506 cluster_loss: 0.8360 distance sup_con_loss: 0.8013 distance contrastive_loss: 2.5498 angle sup_con_loss: 0.5749 angle contrastive_loss: 3.2140 patch_sup_con_loss: 0.0000 patch_unsup_con_loss: 0.0000 
2026-08-10 01:56:33.556 | INFO     | __main__:train:332 - Epoch: [42][10/46]	 loss 2.82673	 cls_loss: 0.0521 cluster_loss: 0.8325 distance sup_con_loss: 1.0242 distance contrastive_loss: 2.5256 angle sup_con_loss: 0.7370 angle contrastive_loss: 3.2040 patch_sup_con_loss: 0.0000 patch_unsup_con_loss: 0.0000 
2026-08-10 01:56:51.925 | INFO     | __main__:train:332 - Epoch: [42][20/46]	 loss 2.83070	 cls_loss: 0.0489 cluster_loss: 0.8308 distance sup_con_loss: 0.9544 distance contrastive_loss: 2.5395 angle sup_con_loss: 0.7474 angle contrastive_loss: 3.2170 patch_sup_con_loss: 0.0000 patch_unsup_con_loss: 0.0000 
2026-08-10 01:57:10.310 | INFO     | __main__:train:332 - Epoch: [42][30/46]	 loss 2.79417	 cls_loss: 0.0382 cluster_loss: 0.8045 distance sup_con_loss: 1.0447 distance contrastive_loss: 2.5293 angle sup_con_loss: 0.6742 angle contrastive_loss: 3.2152 patch_sup_con_loss: 0.0000 patch_unsup_con_loss: 0.0000 
2026-08-10 01:57:28.707 | INFO     | __main__:train:332 - Epoch: [42][40/46]	 loss 2.68912	 cls_loss: 0.0460 cluster_loss: 0.7415 distance sup_con_loss: 0.8558 distance contrastive_loss: 2.4973 angle sup_con_loss: 0.5523 angle contrastive_loss: 3.1865 patch_sup_con_loss: 0.0000 patch_unsup_con_loss: 0.0000 
[E042] pre  n=2914  conf 0.757(0.50/0.96) H=1.28 effK=   3.6 acc_H 0.735/0.822/0.690 dir_old 0.842
        pair inst=19482  pairs=585457    pos= 0.73% prec 0.631 base 0.0059 lift  107.3 rec 0.785 pconf 0.737/0.677
        gate thr=0.59 pass= 82.7% prec 0.689 pos= 0.77% | logit |z|max 0.88 std 0.14 L2 2.03 range 1.28
2026-08-10 01:57:37.839 | INFO     | __main__:train:334 - Train Epoch: 42 Avg Loss: 2.7799 
2026-08-10 01:57:37.840 | INFO     | __main__:train:340 - Testing on unlabelled examples in the training data...
2026-08-10 01:57:59.778 | INFO     | util.cluster_and_log_utils:log_accs_from_preds:226 - EVAL FUNCTION: <function split_cluster_acc_v2 at 0x7f4caaf4f670>, Epoch 42, Train ACC Unlabelled_v2: All 0.7369 | Old 0.7959 | New 0.7074
2026-08-10 01:57:59.785 | INFO     | util.cluster_and_log_utils:log_accs_from_preds:226 - EVAL FUNCTION: <function split_cluster_acc_v2_balanced at 0x7f4caaf4f700>, Epoch 42, Train ACC Unlabelled_v2b: All 0.7547 | Old 0.8021 | New 0.7072
2026-08-10 01:57:59.801 | INFO     | __main__:train:342 - Testing on disjoint test set...
2026-08-10 01:58:27.208 | INFO     | util.cluster_and_log_utils:log_accs_from_preds:226 - EVAL FUNCTION: <function split_cluster_acc_v2 at 0x7f4caaf4f670>, Epoch 42, Test ACC_v2: All 0.7539 | Old 0.8384 | New 0.6701
2026-08-10 01:58:27.215 | INFO     | util.cluster_and_log_utils:log_accs_from_preds:226 - EVAL FUNCTION: <function split_cluster_acc_v2_balanced at 0x7f4caaf4f700>, Epoch 42, Test ACC_v2b: All 0.7515 | Old 0.8392 | New 0.6638
2026-08-10 01:58:27.234 | INFO     | __main__:train:345 - Train Accuracies: All 0.7369 | Old 0.7959 | New 0.7074
2026-08-10 01:58:27.234 | INFO     | __main__:train:346 - Test Accuracies: All 0.7539 | Old 0.8384 | New 0.6701
2026-08-10 01:58:27.236 | INFO     | __main__:train:350 - model saved to /data/projects/clean_projects/hab/dev_outputs/HypSimGCD_cub/log/DIAG_PART_SIGNAL_E50R_(10.08.2026_|_40.913)/checkpoints/model.pt.
2026-08-10 01:58:27.236 | INFO     | __main__:train:372 - Exp Name: DIAG_PART_SIGNAL_E50R
2026-08-10 01:58:27.236 | INFO     | __main__:train:373 - Metrics with best (train all-acc) model: All: 0.7369 Old: 0.7959 New: 0.7074
2026-08-10 01:58:27.237 | INFO     | __main__:train:377 - model saved to /data/projects/clean_projects/hab/dev_outputs/HypSimGCD_cub/log/DIAG_PART_SIGNAL_E50R_(10.08.2026_|_40.913)/checkpoints/model_best_acc_all.pt.
2026-08-10 01:58:31.374 | INFO     | __main__:train:332 - Epoch: [43][0/46]	 loss 2.84155	 cls_loss: 0.0540 cluster_loss: 0.8526 distance sup_con_loss: 1.0265 distance contrastive_loss: 2.5342 angle sup_con_loss: 0.6997 angle contrastive_loss: 3.2269 patch_sup_con_loss: 0.0000 patch_unsup_con_loss: 0.0000 
2026-08-10 01:58:49.692 | INFO     | __main__:train:332 - Epoch: [43][10/46]	 loss 2.78445	 cls_loss: 0.0587 cluster_loss: 0.8236 distance sup_con_loss: 0.9248 distance contrastive_loss: 2.5203 angle sup_con_loss: 0.6395 angle contrastive_loss: 3.1999 patch_sup_con_loss: 0.0000 patch_unsup_con_loss: 0.0000 
2026-08-10 01:59:08.030 | INFO     | __main__:train:332 - Epoch: [43][20/46]	 loss 2.76268	 cls_loss: 0.0390 cluster_loss: 0.8575 distance sup_con_loss: 0.7157 distance contrastive_loss: 2.5425 angle sup_con_loss: 0.5277 angle contrastive_loss: 3.2129 patch_sup_con_loss: 0.0000 patch_unsup_con_loss: 0.0000 
2026-08-10 01:59:26.359 | INFO     | __main__:train:332 - Epoch: [43][30/46]	 loss 2.81253	 cls_loss: 0.0469 cluster_loss: 0.8940 distance sup_con_loss: 0.8090 distance contrastive_loss: 2.5473 angle sup_con_loss: 0.5605 angle contrastive_loss: 3.2257 patch_sup_con_loss: 0.0000 patch_unsup_con_loss: 0.0000 
2026-08-10 01:59:44.704 | INFO     | __main__:train:332 - Epoch: [43][40/46]	 loss 2.72142	 cls_loss: 0.0351 cluster_loss: 0.7821 distance sup_con_loss: 0.7945 distance contrastive_loss: 2.5472 angle sup_con_loss: 0.5320 angle contrastive_loss: 3.2152 patch_sup_con_loss: 0.0000 patch_unsup_con_loss: 0.0000 
[E043] pre  n=2976  conf 0.752(0.48/0.96) H=1.28 effK=   3.6 acc_H 0.730/0.794/0.699 dir_old 0.818
        pair inst=19784  pairs=603939    pos= 0.75% prec 0.550 base 0.0057 lift   95.9 rec 0.719 pconf 0.730/0.666
        gate thr=0.59 pass= 82.1% prec 0.632 pos= 0.75% | logit |z|max 0.89 std 0.14 L2 2.04 range 1.29
2026-08-10 01:59:53.804 | INFO     | __main__:train:334 - Train Epoch: 43 Avg Loss: 2.7822 
2026-08-10 01:59:53.804 | INFO     | __main__:train:340 - Testing on unlabelled examples in the training data...
2026-08-10 02:00:15.590 | INFO     | util.cluster_and_log_utils:log_accs_from_preds:226 - EVAL FUNCTION: <function split_cluster_acc_v2 at 0x7f4caaf4f670>, Epoch 43, Train ACC Unlabelled_v2: All 0.7282 | Old 0.7985 | New 0.6930
2026-08-10 02:00:15.597 | INFO     | util.cluster_and_log_utils:log_accs_from_preds:226 - EVAL FUNCTION: <function split_cluster_acc_v2_balanced at 0x7f4caaf4f700>, Epoch 43, Train ACC Unlabelled_v2b: All 0.7469 | Old 0.8010 | New 0.6929
2026-08-10 02:00:15.613 | INFO     | __main__:train:342 - Testing on disjoint test set...
2026-08-10 02:00:43.029 | INFO     | util.cluster_and_log_utils:log_accs_from_preds:226 - EVAL FUNCTION: <function split_cluster_acc_v2 at 0x7f4caaf4f670>, Epoch 43, Test ACC_v2: All 0.7487 | Old 0.8436 | New 0.6546
2026-08-10 02:00:43.037 | INFO     | util.cluster_and_log_utils:log_accs_from_preds:226 - EVAL FUNCTION: <function split_cluster_acc_v2_balanced at 0x7f4caaf4f700>, Epoch 43, Test ACC_v2b: All 0.7468 | Old 0.8450 | New 0.6487
2026-08-10 02:00:43.054 | INFO     | __main__:train:345 - Train Accuracies: All 0.7282 | Old 0.7985 | New 0.6930
2026-08-10 02:00:43.054 | INFO     | __main__:train:346 - Test Accuracies: All 0.7487 | Old 0.8436 | New 0.6546
2026-08-10 02:00:43.056 | INFO     | __main__:train:350 - model saved to /data/projects/clean_projects/hab/dev_outputs/HypSimGCD_cub/log/DIAG_PART_SIGNAL_E50R_(10.08.2026_|_40.913)/checkpoints/model.pt.
2026-08-10 02:00:47.302 | INFO     | __main__:train:332 - Epoch: [44][0/46]	 loss 2.75956	 cls_loss: 0.0347 cluster_loss: 0.8058 distance sup_con_loss: 0.8334 distance contrastive_loss: 2.5425 angle sup_con_loss: 0.6275 angle contrastive_loss: 3.2079 patch_sup_con_loss: 0.0000 patch_unsup_con_loss: 0.0000 
2026-08-10 02:01:05.628 | INFO     | __main__:train:332 - Epoch: [44][10/46]	 loss 2.81462	 cls_loss: 0.0480 cluster_loss: 0.8502 distance sup_con_loss: 0.9775 distance contrastive_loss: 2.5324 angle sup_con_loss: 0.6587 angle contrastive_loss: 3.2143 patch_sup_con_loss: 0.0000 patch_unsup_con_loss: 0.0000 
2026-08-10 02:01:24.003 | INFO     | __main__:train:332 - Epoch: [44][20/46]	 loss 2.79565	 cls_loss: 0.0328 cluster_loss: 0.8792 distance sup_con_loss: 0.7990 distance contrastive_loss: 2.5223 angle sup_con_loss: 0.6145 angle contrastive_loss: 3.2043 patch_sup_con_loss: 0.0000 patch_unsup_con_loss: 0.0000 
2026-08-10 02:01:42.360 | INFO     | __main__:train:332 - Epoch: [44][30/46]	 loss 2.87598	 cls_loss: 0.0416 cluster_loss: 0.8723 distance sup_con_loss: 1.1772 distance contrastive_loss: 2.5297 angle sup_con_loss: 0.7994 angle contrastive_loss: 3.2057 patch_sup_con_loss: 0.0000 patch_unsup_con_loss: 0.0000 
2026-08-10 02:02:00.739 | INFO     | __main__:train:332 - Epoch: [44][40/46]	 loss 2.71701	 cls_loss: 0.0487 cluster_loss: 0.7893 distance sup_con_loss: 0.7754 distance contrastive_loss: 2.5010 angle sup_con_loss: 0.5434 angle contrastive_loss: 3.2014 patch_sup_con_loss: 0.0000 patch_unsup_con_loss: 0.0000 
[E044] pre  n=2933  conf 0.757(0.49/0.96) H=1.27 effK=   3.5 acc_H 0.742/0.845/0.691 dir_old 0.860
        pair inst=19511  pairs=587527    pos= 0.71% prec 0.578 base 0.0054 lift  107.8 rec 0.769 pconf 0.736/0.673
        gate thr=0.58 pass= 82.6% prec 0.651 pos= 0.71% | logit |z|max 0.88 std 0.14 L2 2.01 range 1.29
2026-08-10 02:02:09.852 | INFO     | __main__:train:334 - Train Epoch: 44 Avg Loss: 2.7759 
2026-08-10 02:02:09.853 | INFO     | __main__:train:340 - Testing on unlabelled examples in the training data...
2026-08-10 02:02:31.674 | INFO     | util.cluster_and_log_utils:log_accs_from_preds:226 - EVAL FUNCTION: <function split_cluster_acc_v2 at 0x7f4caaf4f670>, Epoch 44, Train ACC Unlabelled_v2: All 0.7342 | Old 0.7752 | New 0.7137
2026-08-10 02:02:31.681 | INFO     | util.cluster_and_log_utils:log_accs_from_preds:226 - EVAL FUNCTION: <function split_cluster_acc_v2_balanced at 0x7f4caaf4f700>, Epoch 44, Train ACC Unlabelled_v2b: All 0.7493 | Old 0.7850 | New 0.7137
2026-08-10 02:02:31.697 | INFO     | __main__:train:342 - Testing on disjoint test set...
2026-08-10 02:02:59.138 | INFO     | util.cluster_and_log_utils:log_accs_from_preds:226 - EVAL FUNCTION: <function split_cluster_acc_v2 at 0x7f4caaf4f670>, Epoch 44, Test ACC_v2: All 0.7442 | Old 0.8336 | New 0.6557
2026-08-10 02:02:59.146 | INFO     | util.cluster_and_log_utils:log_accs_from_preds:226 - EVAL FUNCTION: <function split_cluster_acc_v2_balanced at 0x7f4caaf4f700>, Epoch 44, Test ACC_v2b: All 0.7428 | Old 0.8350 | New 0.6506
2026-08-10 02:02:59.164 | INFO     | __main__:train:345 - Train Accuracies: All 0.7342 | Old 0.7752 | New 0.7137
2026-08-10 02:02:59.164 | INFO     | __main__:train:346 - Test Accuracies: All 0.7442 | Old 0.8336 | New 0.6557
2026-08-10 02:02:59.166 | INFO     | __main__:train:350 - model saved to /data/projects/clean_projects/hab/dev_outputs/HypSimGCD_cub/log/DIAG_PART_SIGNAL_E50R_(10.08.2026_|_40.913)/checkpoints/model.pt.
2026-08-10 02:03:03.438 | INFO     | __main__:train:332 - Epoch: [45][0/46]	 loss 2.67508	 cls_loss: 0.0364 cluster_loss: 0.7629 distance sup_con_loss: 0.7324 distance contrastive_loss: 2.4860 angle sup_con_loss: 0.5252 angle contrastive_loss: 3.1854 patch_sup_con_loss: 0.0000 patch_unsup_con_loss: 0.0000 
2026-08-10 02:03:21.776 | INFO     | __main__:train:332 - Epoch: [45][10/46]	 loss 2.78530	 cls_loss: 0.0436 cluster_loss: 0.8472 distance sup_con_loss: 0.9433 distance contrastive_loss: 2.5435 angle sup_con_loss: 0.5710 angle contrastive_loss: 3.2154 patch_sup_con_loss: 0.0000 patch_unsup_con_loss: 0.0000 
2026-08-10 02:03:40.133 | INFO     | __main__:train:332 - Epoch: [45][20/46]	 loss 2.77722	 cls_loss: 0.0617 cluster_loss: 0.7833 distance sup_con_loss: 1.0191 distance contrastive_loss: 2.5249 angle sup_con_loss: 0.6824 angle contrastive_loss: 3.2029 patch_sup_con_loss: 0.0000 patch_unsup_con_loss: 0.0000 
2026-08-10 02:03:58.509 | INFO     | __main__:train:332 - Epoch: [45][30/46]	 loss 2.81373	 cls_loss: 0.0683 cluster_loss: 0.8119 distance sup_con_loss: 1.0035 distance contrastive_loss: 2.5322 angle sup_con_loss: 0.7323 angle contrastive_loss: 3.2076 patch_sup_con_loss: 0.0000 patch_unsup_con_loss: 0.0000 
2026-08-10 02:04:16.888 | INFO     | __main__:train:332 - Epoch: [45][40/46]	 loss 2.86879	 cls_loss: 0.0543 cluster_loss: 0.8680 distance sup_con_loss: 1.0835 distance contrastive_loss: 2.5548 angle sup_con_loss: 0.7570 angle contrastive_loss: 3.2217 patch_sup_con_loss: 0.0000 patch_unsup_con_loss: 0.0000 
[E045] pre  n=2876  conf 0.763(0.50/0.95) H=1.25 effK=   3.5 acc_H 0.745/0.791/0.722 dir_old 0.811
        pair inst=19128  pairs=564273    pos= 0.70% prec 0.615 base 0.0054 lift  113.0 rec 0.791 pconf 0.764/0.709
        gate thr=0.57 pass= 84.2% prec 0.676 pos= 0.76% | logit |z|max 0.88 std 0.14 L2 1.99 range 1.28
2026-08-10 02:04:25.996 | INFO     | __main__:train:334 - Train Epoch: 45 Avg Loss: 2.7840 
2026-08-10 02:04:25.997 | INFO     | __main__:train:340 - Testing on unlabelled examples in the training data...
2026-08-10 02:04:47.810 | INFO     | util.cluster_and_log_utils:log_accs_from_preds:226 - EVAL FUNCTION: <function split_cluster_acc_v2 at 0x7f4caaf4f670>, Epoch 45, Train ACC Unlabelled_v2: All 0.7327 | Old 0.7832 | New 0.7074
2026-08-10 02:04:47.817 | INFO     | util.cluster_and_log_utils:log_accs_from_preds:226 - EVAL FUNCTION: <function split_cluster_acc_v2_balanced at 0x7f4caaf4f700>, Epoch 45, Train ACC Unlabelled_v2b: All 0.7482 | Old 0.7891 | New 0.7073
2026-08-10 02:04:47.834 | INFO     | __main__:train:342 - Testing on disjoint test set...
2026-08-10 02:05:15.235 | INFO     | util.cluster_and_log_utils:log_accs_from_preds:226 - EVAL FUNCTION: <function split_cluster_acc_v2 at 0x7f4caaf4f670>, Epoch 45, Test ACC_v2: All 0.7527 | Old 0.8377 | New 0.6684
2026-08-10 02:05:15.243 | INFO     | util.cluster_and_log_utils:log_accs_from_preds:226 - EVAL FUNCTION: <function split_cluster_acc_v2_balanced at 0x7f4caaf4f700>, Epoch 45, Test ACC_v2b: All 0.7507 | Old 0.8393 | New 0.6622
2026-08-10 02:05:15.262 | INFO     | __main__:train:345 - Train Accuracies: All 0.7327 | Old 0.7832 | New 0.7074
2026-08-10 02:05:15.262 | INFO     | __main__:train:346 - Test Accuracies: All 0.7527 | Old 0.8377 | New 0.6684
2026-08-10 02:05:15.263 | INFO     | __main__:train:350 - model saved to /data/projects/clean_projects/hab/dev_outputs/HypSimGCD_cub/log/DIAG_PART_SIGNAL_E50R_(10.08.2026_|_40.913)/checkpoints/model.pt.
2026-08-10 02:05:19.446 | INFO     | __main__:train:332 - Epoch: [46][0/46]	 loss 2.72361	 cls_loss: 0.0324 cluster_loss: 0.7922 distance sup_con_loss: 0.8878 distance contrastive_loss: 2.5099 angle sup_con_loss: 0.5549 angle contrastive_loss: 3.2023 patch_sup_con_loss: 0.0000 patch_unsup_con_loss: 0.0000 
2026-08-10 02:05:37.759 | INFO     | __main__:train:332 - Epoch: [46][10/46]	 loss 2.83544	 cls_loss: 0.0403 cluster_loss: 0.8410 distance sup_con_loss: 1.0650 distance contrastive_loss: 2.5315 angle sup_con_loss: 0.7534 angle contrastive_loss: 3.2151 patch_sup_con_loss: 0.0000 patch_unsup_con_loss: 0.0000 
2026-08-10 02:05:56.070 | INFO     | __main__:train:332 - Epoch: [46][20/46]	 loss 2.74695	 cls_loss: 0.0337 cluster_loss: 0.8312 distance sup_con_loss: 0.8055 distance contrastive_loss: 2.5231 angle sup_con_loss: 0.5609 angle contrastive_loss: 3.2037 patch_sup_con_loss: 0.0000 patch_unsup_con_loss: 0.0000 
2026-08-10 02:06:14.397 | INFO     | __main__:train:332 - Epoch: [46][30/46]	 loss 2.79952	 cls_loss: 0.0390 cluster_loss: 0.8406 distance sup_con_loss: 0.9778 distance contrastive_loss: 2.5258 angle sup_con_loss: 0.6537 angle contrastive_loss: 3.2142 patch_sup_con_loss: 0.0000 patch_unsup_con_loss: 0.0000 
2026-08-10 02:06:32.717 | INFO     | __main__:train:332 - Epoch: [46][40/46]	 loss 2.74258	 cls_loss: 0.0440 cluster_loss: 0.8101 distance sup_con_loss: 0.7272 distance contrastive_loss: 2.5247 angle sup_con_loss: 0.5969 angle contrastive_loss: 3.2084 patch_sup_con_loss: 0.0000 patch_unsup_con_loss: 0.0000 
[E046] pre  n=2926  conf 0.750(0.48/0.95) H=1.30 effK=   3.7 acc_H 0.734/0.760/0.720 dir_old 0.787
        pair inst=19448  pairs=584371    pos= 0.73% prec 0.588 base 0.0059 lift  100.2 rec 0.730 pconf 0.730/0.665
        gate thr=0.57 pass= 82.4% prec 0.667 pos= 0.76% | logit |z|max 0.87 std 0.14 L2 1.97 range 1.27
2026-08-10 02:06:41.797 | INFO     | __main__:train:334 - Train Epoch: 46 Avg Loss: 2.7664 
2026-08-10 02:06:41.797 | INFO     | __main__:train:340 - Testing on unlabelled examples in the training data...
2026-08-10 02:07:03.562 | INFO     | util.cluster_and_log_utils:log_accs_from_preds:226 - EVAL FUNCTION: <function split_cluster_acc_v2 at 0x7f4caaf4f670>, Epoch 46, Train ACC Unlabelled_v2: All 0.7353 | Old 0.7759 | New 0.7150
2026-08-10 02:07:03.569 | INFO     | util.cluster_and_log_utils:log_accs_from_preds:226 - EVAL FUNCTION: <function split_cluster_acc_v2_balanced at 0x7f4caaf4f700>, Epoch 46, Train ACC Unlabelled_v2b: All 0.7482 | Old 0.7815 | New 0.7148
2026-08-10 02:07:03.586 | INFO     | __main__:train:342 - Testing on disjoint test set...
2026-08-10 02:07:30.982 | INFO     | util.cluster_and_log_utils:log_accs_from_preds:226 - EVAL FUNCTION: <function split_cluster_acc_v2 at 0x7f4caaf4f670>, Epoch 46, Test ACC_v2: All 0.7472 | Old 0.8155 | New 0.6794
2026-08-10 02:07:30.990 | INFO     | util.cluster_and_log_utils:log_accs_from_preds:226 - EVAL FUNCTION: <function split_cluster_acc_v2_balanced at 0x7f4caaf4f700>, Epoch 46, Test ACC_v2b: All 0.7452 | Old 0.8173 | New 0.6730
2026-08-10 02:07:31.009 | INFO     | __main__:train:345 - Train Accuracies: All 0.7353 | Old 0.7759 | New 0.7150
2026-08-10 02:07:31.009 | INFO     | __main__:train:346 - Test Accuracies: All 0.7472 | Old 0.8155 | New 0.6794
2026-08-10 02:07:31.011 | INFO     | __main__:train:350 - model saved to /data/projects/clean_projects/hab/dev_outputs/HypSimGCD_cub/log/DIAG_PART_SIGNAL_E50R_(10.08.2026_|_40.913)/checkpoints/model.pt.
2026-08-10 02:07:35.203 | INFO     | __main__:train:332 - Epoch: [47][0/46]	 loss 2.71697	 cls_loss: 0.0504 cluster_loss: 0.7868 distance sup_con_loss: 0.8476 distance contrastive_loss: 2.5116 angle sup_con_loss: 0.5458 angle contrastive_loss: 3.1978 patch_sup_con_loss: 0.0000 patch_unsup_con_loss: 0.0000 
2026-08-10 02:07:53.511 | INFO     | __main__:train:332 - Epoch: [47][10/46]	 loss 2.86322	 cls_loss: 0.0377 cluster_loss: 0.8670 distance sup_con_loss: 1.0255 distance contrastive_loss: 2.5234 angle sup_con_loss: 0.8271 angle contrastive_loss: 3.2119 patch_sup_con_loss: 0.0000 patch_unsup_con_loss: 0.0000 
2026-08-10 02:08:11.820 | INFO     | __main__:train:332 - Epoch: [47][20/46]	 loss 2.75743	 cls_loss: 0.0463 cluster_loss: 0.8159 distance sup_con_loss: 0.8924 distance contrastive_loss: 2.5057 angle sup_con_loss: 0.6181 angle contrastive_loss: 3.1997 patch_sup_con_loss: 0.0000 patch_unsup_con_loss: 0.0000 
2026-08-10 02:08:30.142 | INFO     | __main__:train:332 - Epoch: [47][30/46]	 loss 2.89793	 cls_loss: 0.0369 cluster_loss: 0.9148 distance sup_con_loss: 1.1377 distance contrastive_loss: 2.5200 angle sup_con_loss: 0.8130 angle contrastive_loss: 3.2094 patch_sup_con_loss: 0.0000 patch_unsup_con_loss: 0.0000 
2026-08-10 02:08:48.480 | INFO     | __main__:train:332 - Epoch: [47][40/46]	 loss 2.74531	 cls_loss: 0.0262 cluster_loss: 0.7851 distance sup_con_loss: 0.9421 distance contrastive_loss: 2.4973 angle sup_con_loss: 0.6716 angle contrastive_loss: 3.1953 patch_sup_con_loss: 0.0000 patch_unsup_con_loss: 0.0000 
[E047] pre  n=2923  conf 0.763(0.49/0.96) H=1.23 effK=   3.4 acc_H 0.726/0.796/0.690 dir_old 0.801
        pair inst=19368  pairs=581182    pos= 0.69% prec 0.577 base 0.0054 lift  106.4 rec 0.730 pconf 0.746/0.686
        gate thr=0.57 pass= 84.2% prec 0.638 pos= 0.71% | logit |z|max 0.89 std 0.14 L2 1.98 range 1.28
2026-08-10 02:08:57.589 | INFO     | __main__:train:334 - Train Epoch: 47 Avg Loss: 2.7582 
2026-08-10 02:08:57.590 | INFO     | __main__:train:340 - Testing on unlabelled examples in the training data...
2026-08-10 02:09:19.398 | INFO     | util.cluster_and_log_utils:log_accs_from_preds:226 - EVAL FUNCTION: <function split_cluster_acc_v2 at 0x7f4caaf4f670>, Epoch 47, Train ACC Unlabelled_v2: All 0.7309 | Old 0.7839 | New 0.7044
2026-08-10 02:09:19.406 | INFO     | util.cluster_and_log_utils:log_accs_from_preds:226 - EVAL FUNCTION: <function split_cluster_acc_v2_balanced at 0x7f4caaf4f700>, Epoch 47, Train ACC Unlabelled_v2b: All 0.7466 | Old 0.7891 | New 0.7042
2026-08-10 02:09:19.423 | INFO     | __main__:train:342 - Testing on disjoint test set...
2026-08-10 02:09:46.881 | INFO     | util.cluster_and_log_utils:log_accs_from_preds:226 - EVAL FUNCTION: <function split_cluster_acc_v2 at 0x7f4caaf4f670>, Epoch 47, Test ACC_v2: All 0.7449 | Old 0.8225 | New 0.6680
2026-08-10 02:09:46.889 | INFO     | util.cluster_and_log_utils:log_accs_from_preds:226 - EVAL FUNCTION: <function split_cluster_acc_v2_balanced at 0x7f4caaf4f700>, Epoch 47, Test ACC_v2b: All 0.7425 | Old 0.8230 | New 0.6619
2026-08-10 02:09:46.908 | INFO     | __main__:train:345 - Train Accuracies: All 0.7309 | Old 0.7839 | New 0.7044
2026-08-10 02:09:46.908 | INFO     | __main__:train:346 - Test Accuracies: All 0.7449 | Old 0.8225 | New 0.6680
2026-08-10 02:09:46.910 | INFO     | __main__:train:350 - model saved to /data/projects/clean_projects/hab/dev_outputs/HypSimGCD_cub/log/DIAG_PART_SIGNAL_E50R_(10.08.2026_|_40.913)/checkpoints/model.pt.
2026-08-10 02:09:51.155 | INFO     | __main__:train:332 - Epoch: [48][0/46]	 loss 2.71781	 cls_loss: 0.0614 cluster_loss: 0.8090 distance sup_con_loss: 0.6846 distance contrastive_loss: 2.5141 angle sup_con_loss: 0.5180 angle contrastive_loss: 3.2083 patch_sup_con_loss: 0.0000 patch_unsup_con_loss: 0.0000 
2026-08-10 02:10:09.499 | INFO     | __main__:train:332 - Epoch: [48][10/46]	 loss 2.66645	 cls_loss: 0.0830 cluster_loss: 0.7354 distance sup_con_loss: 0.7134 distance contrastive_loss: 2.5113 angle sup_con_loss: 0.4847 angle contrastive_loss: 3.1995 patch_sup_con_loss: 0.0000 patch_unsup_con_loss: 0.0000 
2026-08-10 02:10:27.870 | INFO     | __main__:train:332 - Epoch: [48][20/46]	 loss 2.79382	 cls_loss: 0.0477 cluster_loss: 0.8593 distance sup_con_loss: 0.8494 distance contrastive_loss: 2.5143 angle sup_con_loss: 0.6535 angle contrastive_loss: 3.2046 patch_sup_con_loss: 0.0000 patch_unsup_con_loss: 0.0000 
2026-08-10 02:10:46.252 | INFO     | __main__:train:332 - Epoch: [48][30/46]	 loss 2.64504	 cls_loss: 0.0704 cluster_loss: 0.7441 distance sup_con_loss: 0.6373 distance contrastive_loss: 2.4851 angle sup_con_loss: 0.4464 angle contrastive_loss: 3.1959 patch_sup_con_loss: 0.0000 patch_unsup_con_loss: 0.0000 
2026-08-10 02:11:04.636 | INFO     | __main__:train:332 - Epoch: [48][40/46]	 loss 2.81360	 cls_loss: 0.0551 cluster_loss: 0.8598 distance sup_con_loss: 0.8856 distance contrastive_loss: 2.5298 angle sup_con_loss: 0.6758 angle contrastive_loss: 3.2156 patch_sup_con_loss: 0.0000 patch_unsup_con_loss: 0.0000 
[E048] pre  n=2938  conf 0.760(0.51/0.96) H=1.28 effK=   3.6 acc_H 0.764/0.811/0.740 dir_old 0.839
        pair inst=19540  pairs=588063    pos= 0.68% prec 0.619 base 0.0054 lift  114.4 rec 0.773 pconf 0.751/0.697
        gate thr=0.56 pass= 85.7% prec 0.673 pos= 0.71% | logit |z|max 0.88 std 0.14 L2 1.93 range 1.27
2026-08-10 02:11:13.738 | INFO     | __main__:train:334 - Train Epoch: 48 Avg Loss: 2.7585 
2026-08-10 02:11:13.738 | INFO     | __main__:train:340 - Testing on unlabelled examples in the training data...
2026-08-10 02:11:35.520 | INFO     | util.cluster_and_log_utils:log_accs_from_preds:226 - EVAL FUNCTION: <function split_cluster_acc_v2 at 0x7f4caaf4f670>, Epoch 48, Train ACC Unlabelled_v2: All 0.7391 | Old 0.7779 | New 0.7197
2026-08-10 02:11:35.527 | INFO     | util.cluster_and_log_utils:log_accs_from_preds:226 - EVAL FUNCTION: <function split_cluster_acc_v2_balanced at 0x7f4caaf4f700>, Epoch 48, Train ACC Unlabelled_v2b: All 0.7520 | Old 0.7845 | New 0.7195
2026-08-10 02:11:35.545 | INFO     | __main__:train:342 - Testing on disjoint test set...
2026-08-10 02:12:02.917 | INFO     | util.cluster_and_log_utils:log_accs_from_preds:226 - EVAL FUNCTION: <function split_cluster_acc_v2 at 0x7f4caaf4f670>, Epoch 48, Test ACC_v2: All 0.7525 | Old 0.8329 | New 0.6729
2026-08-10 02:12:02.925 | INFO     | util.cluster_and_log_utils:log_accs_from_preds:226 - EVAL FUNCTION: <function split_cluster_acc_v2_balanced at 0x7f4caaf4f700>, Epoch 48, Test ACC_v2b: All 0.7505 | Old 0.8333 | New 0.6677
2026-08-10 02:12:02.943 | INFO     | __main__:train:345 - Train Accuracies: All 0.7391 | Old 0.7779 | New 0.7197
2026-08-10 02:12:02.944 | INFO     | __main__:train:346 - Test Accuracies: All 0.7525 | Old 0.8329 | New 0.6729
2026-08-10 02:12:02.945 | INFO     | __main__:train:350 - model saved to /data/projects/clean_projects/hab/dev_outputs/HypSimGCD_cub/log/DIAG_PART_SIGNAL_E50R_(10.08.2026_|_40.913)/checkpoints/model.pt.
2026-08-10 02:12:02.945 | INFO     | __main__:train:372 - Exp Name: DIAG_PART_SIGNAL_E50R
2026-08-10 02:12:02.946 | INFO     | __main__:train:373 - Metrics with best (train all-acc) model: All: 0.7391 Old: 0.7779 New: 0.7197
2026-08-10 02:12:02.947 | INFO     | __main__:train:377 - model saved to /data/projects/clean_projects/hab/dev_outputs/HypSimGCD_cub/log/DIAG_PART_SIGNAL_E50R_(10.08.2026_|_40.913)/checkpoints/model_best_acc_all.pt.
2026-08-10 02:12:07.073 | INFO     | __main__:train:332 - Epoch: [49][0/46]	 loss 2.79757	 cls_loss: 0.0465 cluster_loss: 0.8019 distance sup_con_loss: 0.9754 distance contrastive_loss: 2.5277 angle sup_con_loss: 0.7484 angle contrastive_loss: 3.2154 patch_sup_con_loss: 0.0000 patch_unsup_con_loss: 0.0000 
2026-08-10 02:12:25.370 | INFO     | __main__:train:332 - Epoch: [49][10/46]	 loss 2.68631	 cls_loss: 0.0362 cluster_loss: 0.7503 distance sup_con_loss: 0.7566 distance contrastive_loss: 2.5058 angle sup_con_loss: 0.5737 angle contrastive_loss: 3.2040 patch_sup_con_loss: 0.0000 patch_unsup_con_loss: 0.0000 
2026-08-10 02:12:43.665 | INFO     | __main__:train:332 - Epoch: [49][20/46]	 loss 2.88026	 cls_loss: 0.0487 cluster_loss: 0.8744 distance sup_con_loss: 1.1508 distance contrastive_loss: 2.5355 angle sup_con_loss: 0.8123 angle contrastive_loss: 3.2183 patch_sup_con_loss: 0.0000 patch_unsup_con_loss: 0.0000 
2026-08-10 02:13:01.992 | INFO     | __main__:train:332 - Epoch: [49][30/46]	 loss 2.74582	 cls_loss: 0.0421 cluster_loss: 0.8326 distance sup_con_loss: 0.7600 distance contrastive_loss: 2.5080 angle sup_con_loss: 0.5651 angle contrastive_loss: 3.2154 patch_sup_con_loss: 0.0000 patch_unsup_con_loss: 0.0000 
2026-08-10 02:13:20.322 | INFO     | __main__:train:332 - Epoch: [49][40/46]	 loss 2.80089	 cls_loss: 0.0437 cluster_loss: 0.8087 distance sup_con_loss: 0.9624 distance contrastive_loss: 2.5308 angle sup_con_loss: 0.7565 angle contrastive_loss: 3.2121 patch_sup_con_loss: 0.0000 patch_unsup_con_loss: 0.0000 
[E049] pre  n=2901  conf 0.751(0.50/0.95) H=1.34 effK=   3.8 acc_H 0.744/0.791/0.722 dir_old 0.818
        pair inst=19314  pairs=576035    pos= 0.77% prec 0.589 base 0.0060 lift   98.2 rec 0.758 pconf 0.733/0.673
        gate thr=0.55 pass= 85.4% prec 0.650 pos= 0.79% | logit |z|max 0.87 std 0.14 L2 1.91 range 1.25
2026-08-10 02:13:29.422 | INFO     | __main__:train:334 - Train Epoch: 49 Avg Loss: 2.7620 
2026-08-10 02:13:29.423 | INFO     | __main__:train:340 - Testing on unlabelled examples in the training data...
2026-08-10 02:13:51.200 | INFO     | util.cluster_and_log_utils:log_accs_from_preds:226 - EVAL FUNCTION: <function split_cluster_acc_v2 at 0x7f4caaf4f670>, Epoch 49, Train ACC Unlabelled_v2: All 0.7422 | Old 0.7939 | New 0.7164
2026-08-10 02:13:51.207 | INFO     | util.cluster_and_log_utils:log_accs_from_preds:226 - EVAL FUNCTION: <function split_cluster_acc_v2_balanced at 0x7f4caaf4f700>, Epoch 49, Train ACC Unlabelled_v2b: All 0.7567 | Old 0.7973 | New 0.7161
2026-08-10 02:13:51.224 | INFO     | __main__:train:342 - Testing on disjoint test set...
2026-08-10 02:14:18.663 | INFO     | util.cluster_and_log_utils:log_accs_from_preds:226 - EVAL FUNCTION: <function split_cluster_acc_v2 at 0x7f4caaf4f670>, Epoch 49, Test ACC_v2: All 0.7565 | Old 0.8467 | New 0.6670
2026-08-10 02:14:18.671 | INFO     | util.cluster_and_log_utils:log_accs_from_preds:226 - EVAL FUNCTION: <function split_cluster_acc_v2_balanced at 0x7f4caaf4f700>, Epoch 49, Test ACC_v2b: All 0.7542 | Old 0.8468 | New 0.6617
2026-08-10 02:14:18.689 | INFO     | __main__:train:345 - Train Accuracies: All 0.7422 | Old 0.7939 | New 0.7164
2026-08-10 02:14:18.689 | INFO     | __main__:train:346 - Test Accuracies: All 0.7565 | Old 0.8467 | New 0.6670
2026-08-10 02:14:18.691 | INFO     | __main__:train:350 - model saved to /data/projects/clean_projects/hab/dev_outputs/HypSimGCD_cub/log/DIAG_PART_SIGNAL_E50R_(10.08.2026_|_40.913)/checkpoints/model.pt.
2026-08-10 02:14:18.691 | INFO     | __main__:train:372 - Exp Name: DIAG_PART_SIGNAL_E50R
2026-08-10 02:14:18.691 | INFO     | __main__:train:373 - Metrics with best (train all-acc) model: All: 0.7422 Old: 0.7939 New: 0.7164
2026-08-10 02:14:18.693 | INFO     | __main__:train:377 - model saved to /data/projects/clean_projects/hab/dev_outputs/HypSimGCD_cub/log/DIAG_PART_SIGNAL_E50R_(10.08.2026_|_40.913)/checkpoints/model_best_acc_all.pt.
== Reached --stop_epoch 50; stopping
== Elapsed 6753s -> /data/projects/clean_projects/diagnosis/out/hab_E50R/metrics.jsonl
